timestamp,open,high,close,low,volume,price_change,p_change,ma5,ma10,ma20,v_ma5,v_ma10,v_ma20,turnover
2019-06-10 13:55:00,21.03,21.08,21.07,21.03,23.0,0.04,0.19,21.056,21.093,21.124,31.0,37.7,40.4,0.0
2019-06-10 14:00:00,21.07,21.08,21.08,21.06,13.0,0.01,0.05,21.06,21.081,21.1215,27.8,37.9,38.45,0.0
2019-06-10 14:05:00,21.08,21.09,21.09,21.07,316.83,0.01,0.05,21.066,21.07,21.12,85.77,69.58,52.29,0.04
2019-06-10 14:10:00,21.09,21.1,21.07,21.07,34.17,-0.02,-0.09,21.068,21.065,21.1155,89.2,70.2,52.2,0.0
2019-06-10 14:15:00,21.07,21.07,21.05,21.05,12.0,-0.02,-0.09,21.072,21.064,21.1095,79.8,57.1,50.4,0.0
2019-06-10 14:20:00,21.05,21.08,21.07,21.05,22.0,0.02,0.1,21.072,21.064,21.1055,79.6,55.3,50.65,0.0
2019-06-10 14:25:00,21.07,21.08,21.08,21.0,47.0,0.01,0.05,21.072,21.066,21.101,86.4,57.1,48.65,0.01
2019-06-10 14:30:00,21.08,21.08,21.02,21.02,5.0,-0.06,-0.28,21.058,21.062,21.0935,24.03,54.9,46.05,0.0
2019-06-10 14:35:00,21.02,21.05,21.05,21.02,13.0,0.03,0.14,21.054,21.061,21.0895,19.8,54.5,44.05,0.0
2019-06-10 14:40:00,21.05,21.05,21.05,21.05,31.0,0.0,0.0,21.054,21.063,21.081,23.6,51.7,43.85,0.0
2019-06-10 14:45:00,21.05,21.2,21.19,21.05,421.83,0.14,0.67,21.078,21.075,21.084,103.57,91.58,64.64,0.05
2019-06-10 14:50:00,21.19,21.19,21.19,21.14,84.0,0.0,0.0,21.1,21.086,21.0835,110.97,98.68,68.29,0.01
2019-06-10 14:55:00,21.19,21.24,21.2,21.16,349.0,0.01,0.05,21.136,21.097,21.0835,179.77,101.9,85.74,0.04
2019-06-10 15:00:00,21.2,21.21,21.2,21.2,40.0,0.0,0.0,21.166,21.11,21.0875,185.17,102.48,86.34,0.0
2019-06-11 09:35:00,21.4,21.4,21.02,21.02,123.0,-0.38,-1.78,21.16,21.107,21.0855,203.57,113.58,85.34,0.01
2019-06-11 09:40:00,21.02,21.26,21.25,21.02,92.0,0.23,1.09,21.172,21.125,21.0945,137.6,120.58,87.94,0.01
2019-06-11 09:45:00,21.25,21.25,21.12,21.12,81.0,-0.13,-0.61,21.158,21.129,21.0975,137.0,123.98,90.54,0.01
2019-06-11 09:50:00,21.12,21.22,21.22,21.12,18.0,0.1,0.47,21.162,21.149,21.1055,70.8,125.28,90.09,0.0
2019-06-11 09:55:00,21.22,21.23,21.23,21.1,75.0,0.01,0.05,21.168,21.167,21.114,77.8,131.48,92.99,0.01
2019-06-11 10:00:00,21.23,21.23,21.23,21.12,27.0,0.0,0.0,21.21,21.185,21.124,58.6,131.08,91.39,0.0
2019-06-11 10:05:00,21.23,21.26,21.25,21.22,97.0,0.02,0.09,21.21,21.191,21.133,59.6,98.6,95.09,0.01
2019-06-11 10:10:00,21.28,21.28,21.24,21.22,23.0,-0.04,-0.19,21.234,21.196,21.141,48.0,92.5,95.59,0.0
2019-06-11 10:15:00,21.24,21.28,21.24,21.23,50.0,0.0,0.0,21.238,21.2,21.1485,54.4,62.6,82.25,0.01
2019-06-11 10:20:00,21.24,21.25,21.25,21.23,137.0,0.01,0.05,21.242,21.205,21.1575,66.8,72.3,87.39,0.02
2019-06-11 10:25:00,21.25,21.25,21.23,21.23,81.0,-0.02,-0.09,21.242,21.226,21.1665,77.6,68.1,90.84,0.01
2019-06-11 10:30:00,21.23,21.25,21.2,21.2,33.0,-0.03,-0.14,21.232,21.221,21.173,64.8,62.2,91.39,0.0
2019-06-11 10:35:00,21.2,21.22,21.22,21.13,46.0,0.02,0.09,21.228,21.231,21.18,69.4,58.7,91.34,0.01
2019-06-11 10:40:00,21.22,21.26,21.25,21.22,89.0,0.03,0.14,21.23,21.234,21.1915,77.2,65.8,95.54,0.01
2019-06-11 10:45:00,21.25,21.25,21.21,21.18,134.0,-0.04,-0.19,21.222,21.232,21.1995,76.6,71.7,101.59,0.02
2019-06-11 10:50:00,21.21,21.21,21.21,21.19,58.0,0.0,0.0,21.218,21.23,21.2075,72.0,74.8,102.94,0.01
2019-06-11 10:55:00,21.21,21.22,21.22,21.21,259.0,0.01,0.05,21.222,21.227,21.209,117.2,91.0,94.8,0.03
2019-06-11 11:00:00,21.22,21.35,21.35,21.22,119.0,0.13,0.61,21.248,21.238,21.217,131.8,100.6,96.55,0.01
2019-06-11 11:05:00,21.35,21.5,21.36,21.35,196.0,0.01,0.05,21.27,21.25,21.225,153.2,115.2,88.9,0.02
2019-06-11 11:10:00,21.36,21.48,21.47,21.36,78.68,0.11,0.51,21.322,21.272,21.2385,142.14,109.37,90.83,0.01
2019-06-11 11:15:00,21.46,21.47,21.47,21.36,36.32,0.01,0.05,21.374,21.296,21.261,137.8,104.9,86.5,0.0
2019-06-11 11:20:00,21.46,21.46,21.46,21.43,11.0,0.0,0.0,21.422,21.322,21.2715,88.2,102.7,82.45,0.0
2019-06-11 11:25:00,21.46,21.48,21.48,21.46,36.0,0.02,0.09,21.448,21.348,21.2895,71.6,101.7,80.2,0.0
2019-06-11 11:30:00,21.48,21.48,21.45,21.45,70.0,-0.03,-0.14,21.466,21.368,21.301,46.4,99.8,82.8,0.01
2019-06-11 13:05:00,21.45,21.5,21.44,21.44,77.0,-0.01,-0.05,21.46,21.391,21.3115,46.06,94.1,82.9,0.01
2019-06-11 13:10:00,21.44,21.46,21.45,21.42,18.0,0.01,0.05,21.456,21.415,21.3225,42.4,90.1,82.45,0.0
2019-06-11 13:15:00,21.45,21.46,21.43,21.43,14.0,-0.02,-0.09,21.45,21.436,21.3315,43.0,65.6,78.3,0.0
2019-06-11 13:20:00,21.43,21.46,21.42,21.4,215.0,-0.01,-0.05,21.438,21.443,21.3405,78.8,75.2,87.9,0.03
2019-06-11 13:25:00,21.42,21.42,21.4,21.39,74.0,-0.02,-0.09,21.428,21.447,21.3485,79.6,63.0,89.1,0.01
2019-06-11 13:30:00,21.4,21.4,21.38,21.38,29.0,-0.02,-0.09,21.416,21.438,21.355,70.0,58.03,83.7,0.0
2019-06-11 13:35:00,21.38,21.42,21.41,21.38,49.0,0.03,0.14,21.408,21.432,21.364,76.2,59.3,82.1,0.01
2019-06-11 13:40:00,21.41,21.42,21.42,21.39,50.0,0.01,0.05,21.406,21.428,21.375,83.4,63.2,82.95,0.01
2019-06-11 13:45:00,21.42,21.42,21.42,21.41,97.0,0.0,0.0,21.406,21.422,21.385,59.8,69.3,85.5,0.01
2019-06-11 13:50:00,21.42,21.46,21.46,21.42,157.0,0.04,0.19,21.418,21.423,21.3955,76.4,78.0,88.9,0.02
2019-06-11 13:55:00,21.46,21.48,21.48,21.45,130.0,0.02,0.09,21.438,21.427,21.409,96.6,83.3,88.7,0.02
2019-06-11 14:00:00,21.48,21.5,21.5,21.46,166.0,0.02,0.09,21.456,21.432,21.4235,120.0,98.1,94.1,0.02
2019-06-11 14:05:00,21.5,21.7,21.7,21.48,497.0,0.2,0.93,21.512,21.459,21.4475,209.4,146.4,106.0,0.06
2019-06-11 14:10:00,21.7,21.71,21.6,21.6,107.0,-0.1,-0.46,21.548,21.477,21.46,211.4,135.6,105.4,0.01
2019-06-11 14:15:00,21.6,21.68,21.61,21.6,87.68,0.01,0.05,21.578,21.498,21.4725,197.54,136.97,99.98,0.01
2019-06-11 14:20:00,21.61,21.65,21.62,21.61,22.0,0.01,0.05,21.606,21.522,21.48,175.94,136.27,97.15,0.0
2019-06-11 14:25:00,21.62,21.65,21.61,21.61,99.0,-0.01,-0.05,21.628,21.542,21.487,162.54,141.27,100.28,0.01
2019-06-11 14:30:00,21.61,21.67,21.63,21.61,206.0,0.02,0.09,21.614,21.563,21.4955,104.34,156.87,110.03,0.02
2019-06-11 14:35:00,21.63,21.64,21.64,21.63,95.0,0.01,0.05,21.622,21.585,21.5035,101.94,156.67,112.98,0.01
2019-06-11 14:40:00,21.64,21.64,21.63,21.62,49.0,-0.01,-0.05,21.626,21.602,21.5125,94.2,145.87,111.93,0.01
2019-06-11 14:45:00,21.63,21.65,21.65,21.63,140.0,0.02,0.09,21.632,21.619,21.523,117.8,146.87,115.08,0.02
2019-06-11 14:50:00,21.65,21.65,21.63,21.63,81.0,-0.02,-0.09,21.636,21.632,21.532,114.2,138.37,118.23,0.01
2019-06-11 14:55:00,21.63,21.64,21.53,21.53,137.0,-0.1,-0.46,21.616,21.615,21.537,100.4,102.37,124.38,0.02
2019-06-11 15:00:00,21.53,21.55,21.55,21.5,137.0,0.02,0.09,21.598,21.61,21.5435,108.8,105.37,120.48,0.02
2019-06-12 09:35:00,21.51,21.98,21.65,21.51,395.0,0.14,0.65,21.602,21.614,21.556,178.0,136.1,136.53,0.05
2019-06-12 09:40:00,21.65,21.73,21.63,21.59,185.0,-0.02,-0.09,21.598,21.615,21.5685,187.0,152.4,144.33,0.02
2019-06-12 09:45:00,21.63,21.72,21.63,21.63,135.0,0.0,0.0,21.598,21.617,21.5795,197.8,156.0,148.63,0.02
2019-06-12 09:50:00,21.65,21.71,21.67,21.65,209.0,0.02,0.09,21.626,21.621,21.592,212.2,156.3,156.58,0.03
2019-06-12 09:55:00,21.67,21.7,21.69,21.67,36.0,0.02,0.09,21.654,21.626,21.6055,192.0,150.4,153.53,0.0
2019-06-12 10:00:00,21.69,21.83,21.83,21.69,203.0,0.14,0.65,21.69,21.646,21.624,153.6,165.8,155.83,0.02
2019-06-12 10:05:00,21.83,21.84,21.83,21.77,87.0,0.0,0.0,21.73,21.664,21.6415,134.0,160.5,153.68,0.01
2019-06-12 10:10:00,21.83,21.83,21.77,21.74,87.0,-0.06,-0.27,21.758,21.678,21.655,124.4,161.1,149.73,0.01
2019-06-12 10:15:00,21.77,21.77,21.74,21.74,87.0,-0.03,-0.14,21.772,21.699,21.657,100.0,156.1,129.23,0.01
2019-06-12 10:20:00,21.74,21.78,21.75,21.73,126.0,0.01,0.05,21.784,21.719,21.6645,118.0,155.0,130.18,0.02
2019-06-12 10:25:00,21.75,21.77,21.56,21.56,629.0,-0.19,-0.87,21.73,21.71,21.662,203.2,178.4,157.25,0.08
2019-06-12 10:30:00,21.56,21.6,21.59,21.56,35.0,0.03,0.14,21.682,21.706,21.6605,192.8,163.4,157.9,0.0
2019-06-12 10:35:00,21.59,21.59,21.56,21.56,168.0,-0.03,-0.14,21.64,21.699,21.658,209.0,166.7,161.35,0.02
2019-06-12 10:40:00,21.56,21.56,21.53,21.43,262.0,-0.03,-0.14,21.598,21.685,21.653,244.0,172.0,164.15,0.03
2019-06-12 10:45:00,21.53,21.58,21.44,21.44,119.0,-0.09,-0.42,21.536,21.66,21.643,242.6,180.3,165.35,0.01
2019-06-12 10:50:00,21.43,21.47,21.44,21.39,71.0,0.01,0.05,21.512,21.621,21.6335,131.0,167.1,166.45,0.01
2019-06-12 10:55:00,21.44,21.47,21.45,21.44,54.0,0.01,0.05,21.484,21.583,21.6235,134.8,163.8,162.15,0.01
2019-06-12 11:00:00,21.45,21.45,21.43,21.43,39.0,-0.02,-0.09,21.458,21.549,21.6135,109.0,159.0,160.05,0.0
2019-06-12 11:05:00,21.43,21.54,21.53,21.43,57.0,0.1,0.47,21.458,21.528,21.6135,68.0,156.0,156.05,0.01
2019-06-12 11:10:00,21.53,21.6,21.57,21.52,43.0,0.04,0.19,21.484,21.51,21.6145,52.8,147.7,151.35,0.01
2019-06-12 11:15:00,21.57,21.68,21.62,21.57,33.0,0.05,0.23,21.52,21.516,21.613,45.2,88.1,133.25,0.0
2019-06-12 11:20:00,21.62,21.67,21.62,21.6,86.0,0.0,0.0,21.554,21.519,21.6125,51.6,93.2,128.3,0.01
2019-06-12 11:25:00,21.62,21.77,21.74,21.6,149.0,0.12,0.56,21.616,21.537,21.618,73.6,91.3,129.0,0.02
2019-06-12 11:30:00,21.74,21.74,21.66,21.66,78.0,-0.08,-0.37,21.642,21.55,21.6175,77.8,72.9,122.45,0.01
2019-06-12 13:05:00,21.66,21.71,21.66,21.66,78.0,0.0,0.0,21.66,21.572,21.616,84.8,68.8,124.55,0.01
2019-06-12 13:10:00,21.68,21.72,21.67,21.67,52.0,-0.01,-0.05,21.67,21.595,21.608,88.6,66.9,117.0,0.01
2019-06-12 13:15:00,21.67,21.68,21.68,21.65,68.0,0.01,0.05,21.682,21.618,21.6005,85.0,68.3,116.05,0.01
2019-06-12 13:20:00,21.68,21.68,21.63,21.6,302.0,-0.05,-0.23,21.66,21.638,21.5935,115.6,94.6,126.8,0.04
2019-06-12 13:25:00,21.63,21.67,21.66,21.61,127.0,0.03,0.14,21.66,21.651,21.5895,125.4,101.6,128.8,0.02
2019-06-12 13:30:00,21.66,21.66,21.59,21.58,126.0,-0.07,-0.32,21.646,21.653,21.5815,135.0,109.9,128.8,0.02
2019-06-12 13:35:00,21.59,21.7,21.7,21.59,70.0,0.11,0.51,21.652,21.661,21.5885,138.6,113.6,100.85,0.01
2019-06-12 13:40:00,21.7,21.72,21.72,21.68,61.0,0.02,0.09,21.66,21.671,21.595,137.2,111.1,102.15,0.01
2019-06-12 13:45:00,21.76,21.9,21.9,21.75,582.0,0.14,0.64,21.714,21.687,21.612,193.2,154.4,122.85,0.07
2019-06-12 13:50:00,21.95,21.95,21.85,21.8,234.0,-0.1,-0.46,21.752,21.706,21.628,214.6,170.0,121.45,0.03
2019-06-12 13:55:00,21.85,21.85,21.85,21.8,262.0,0.0,0.0,21.804,21.725,21.6485,241.8,188.4,128.6,0.03
2019-06-12 14:00:00,21.85,21.85,21.77,21.77,102.0,-0.08,-0.37,21.818,21.735,21.665,248.2,193.4,130.15,0.01
2019-06-12 14:05:00,21.77,21.79,21.77,21.76,26.0,0.0,0.0,21.828,21.744,21.681,241.2,189.2,128.75,0.0
2019-06-12 14:10:00,21.77,21.82,21.77,21.76,75.0,0.0,0.0,21.802,21.758,21.698,139.8,166.5,130.55,0.01
2019-06-12 14:15:00,21.77,21.81,21.8,21.76,125.0,0.03,0.14,21.792,21.772,21.7115,118.0,166.3,133.95,0.02
2019-06-12 14:20:00,21.8,21.82,21.77,21.76,94.0,-0.03,-0.14,21.776,21.79,21.7215,84.4,163.1,136.5,0.01
2019-06-12 14:25:00,21.77,21.88,21.88,21.77,495.1,0.11,0.51,21.798,21.808,21.7345,163.02,205.61,159.61,0.06
2019-06-12 14:30:00,21.89,21.91,21.85,21.85,55.0,-0.04,-0.18,21.814,21.821,21.746,168.82,205.01,158.06,0.01
2019-06-12 14:35:00,21.85,21.98,21.9,21.85,466.0,0.05,0.23,21.84,21.821,21.754,247.02,193.41,173.91,0.06
2019-06-12 14:40:00,21.87,21.89,21.88,21.86,95.0,0.01,0.05,21.856,21.824,21.765,241.02,179.51,174.76,0.01
2019-06-12 14:45:00,21.88,21.89,21.8,21.8,205.0,-0.08,-0.37,21.862,21.819,21.772,263.22,173.81,181.11,0.02
2019-06-12 14:50:00,21.8,21.84,21.8,21.78,113.0,0.0,0.0,21.846,21.822,21.7785,186.8,174.91,184.16,0.01
2019-06-12 14:55:00,21.8,21.83,21.8,21.78,176.0,0.0,0.0,21.836,21.825,21.7845,211.0,189.91,189.56,0.02
2019-06-12 15:00:00,21.8,21.84,21.84,21.79,119.83,0.04,0.18,21.824,21.832,21.795,141.77,194.39,180.45,0.01
2019-06-13 09:35:00,21.9,21.9,21.74,21.5,329.0,-0.16,-0.73,21.796,21.826,21.799,188.57,214.79,190.55,0.04
2019-06-13 09:40:00,21.74,21.82,21.75,21.7,115.0,0.01,0.05,21.786,21.824,21.807,170.57,216.89,190.0,0.01
2019-06-13 09:45:00,21.75,21.79,21.77,21.73,104.0,0.02,0.09,21.78,21.813,21.8105,168.77,177.78,191.7,0.01
2019-06-13 09:50:00,21.77,21.94,21.9,21.77,350.0,0.13,0.6,21.8,21.818,21.8195,203.57,207.28,206.15,0.04
2019-06-13 09:55:00,21.91,22.2,22.05,21.9,575.0,0.14,0.64,21.842,21.833,21.827,294.6,218.18,205.8,0.07
2019-06-13 10:00:00,22.05,22.19,22.15,22.05,287.0,0.1,0.45,21.924,21.86,21.842,286.2,237.38,208.45,0.03
2019-06-13 10:05:00,22.15,22.18,22.09,22.06,309.0,-0.06,-0.27,21.992,21.889,21.854,325.0,247.78,210.8,0.04
2019-06-13 10:10:00,22.09,22.15,22.11,22.09,81.0,0.02,0.09,22.06,21.92,21.871,320.4,244.58,209.75,0.01
2019-06-13 10:15:00,22.11,22.14,22.13,22.11,227.62,0.02,0.09,22.106,21.953,21.889,295.92,249.75,219.83,0.03
2019-06-13 10:20:00,22.13,22.14,22.11,22.09,79.0,-0.02,-0.09,22.118,21.98,21.906,196.72,245.66,220.03,0.01
2019-06-13 10:25:00,22.11,22.12,22.11,22.1,153.0,0.0,0.0,22.11,22.017,21.9215,169.92,228.06,221.43,0.02
2019-06-13 10:30:00,22.11,22.13,22.12,22.1,100.0,0.01,0.05,22.116,22.054,21.939,128.12,226.56,221.73,0.01
2019-06-13 10:35:00,22.12,22.18,22.18,22.12,693.0,0.06,0.27,22.13,22.095,21.954,250.52,285.46,231.62,0.08
2019-06-13 10:40:00,22.18,22.19,22.17,22.17,157.0,-0.01,-0.05,22.138,22.122,21.97,236.4,266.16,236.72,0.02
2019-06-13 10:45:00,22.17,22.17,22.12,22.12,85.0,-0.05,-0.23,22.14,22.129,21.981,237.6,217.16,217.67,0.01
2019-06-13 10:50:00,22.12,22.15,22.07,22.03,400.0,-0.05,-0.23,22.132,22.121,21.9905,287.0,228.46,232.92,0.05
2019-06-13 10:55:00,22.07,22.16,22.16,22.07,91.0,0.09,0.41,22.14,22.128,22.0085,285.2,206.66,227.22,0.01
2019-06-13 11:00:00,22.16,22.19,22.17,22.16,91.0,0.01,0.05,22.138,22.134,22.027,164.8,207.66,226.12,0.01
2019-06-13 11:05:00,22.17,22.19,22.19,22.16,127.83,0.02,0.09,22.142,22.14,22.0465,158.97,197.68,223.71,0.02
2019-06-13 11:10:00,22.19,22.35,22.35,22.18,345.0,0.16,0.72,22.188,22.164,22.072,210.97,224.28,234.97,0.04
2019-06-13 11:15:00,22.35,22.46,22.4,22.25,371.0,0.05,0.22,22.254,22.193,22.105,205.17,246.08,237.07,0.04
2019-06-13 11:20:00,22.4,22.45,22.32,22.32,163.0,-0.08,-0.36,22.286,22.213,22.1335,219.57,252.38,239.47,0.02
2019-06-13 11:25:00,22.32,22.42,22.38,22.32,64.0,0.06,0.27,22.328,22.233,22.164,214.17,189.48,237.47,0.01
2019-06-13 11:30:00,22.38,22.39,22.35,22.35,77.0,-0.03,-0.13,22.36,22.251,22.1865,204.0,181.48,223.82,0.01
2019-06-13 13:05:00,22.4,22.58,22.57,22.4,422.0,0.17,0.76,22.404,22.296,22.2125,219.4,215.18,216.17,0.05
2019-06-13 13:10:00,22.57,22.65,22.65,22.57,217.0,0.08,0.35,22.454,22.354,22.2375,188.6,196.88,212.67,0.03
2019-06-13 13:15:00,22.64,22.64,22.58,22.57,339.0,-0.06,-0.27,22.506,22.396,22.262,223.8,221.68,214.17,0.04
2019-06-13 13:20:00,22.58,22.63,22.59,22.58,454.0,0.01,0.04,22.548,22.438,22.286,301.8,257.98,232.82,0.05
2019-06-13 13:25:00,22.59,22.59,22.41,22.37,392.0,-0.18,-0.8,22.56,22.46,22.3,364.8,284.4,241.04,0.05
2019-06-13 13:30:00,22.41,22.56,22.47,22.41,27.0,0.06,0.27,22.54,22.472,22.318,285.8,252.6,238.44,0.0
2019-06-13 13:35:00,22.45,22.53,22.53,22.43,100.0,0.08,0.36,22.516,22.485,22.339,262.4,225.5,235.79,0.01
2019-06-13 13:40:00,22.53,22.53,22.53,22.46,139.0,0.0,0.0,22.506,22.506,22.3595,222.4,223.1,237.74,0.02
2019-06-13 13:45:00,22.53,22.53,22.53,22.53,25.0,0.0,0.0,22.494,22.521,22.377,136.6,219.2,204.34,0.0
2019-06-13 13:50:00,22.53,22.53,22.49,22.49,21.0,-0.04,-0.18,22.51,22.535,22.393,62.4,213.6,197.54,0.0
2019-06-13 13:55:00,22.49,22.49,22.48,22.46,250.0,-0.01,-0.04,22.512,22.526,22.411,107.0,196.4,205.79,0.03
2019-06-13 14:00:00,22.48,22.48,22.45,22.44,173.0,-0.03,-0.13,22.496,22.506,22.43,121.6,192.0,194.44,0.02
2019-06-13 14:05:00,22.45,22.47,22.47,22.45,28.0,0.02,0.09,22.484,22.495,22.4455,99.4,160.9,191.29,0.0
2019-06-13 14:10:00,22.47,22.47,22.44,22.44,55.0,-0.03,-0.13,22.466,22.48,22.459,105.4,121.0,189.49,0.01
2019-06-13 14:15:00,22.44,22.44,22.43,22.42,60.0,-0.01,-0.04,22.454,22.482,22.471,113.2,87.8,186.1,0.01
2019-06-13 14:20:00,22.43,22.45,22.45,22.43,50.0,0.02,0.09,22.448,22.48,22.476,73.2,90.1,171.35,0.01
2019-06-13 14:25:00,22.44,22.45,22.41,22.41,81.0,-0.03,-0.13,22.44,22.468,22.4765,54.8,88.2,156.85,0.01
2019-06-13 14:30:00,22.41,22.42,22.41,22.38,335.0,0.0,0.0,22.428,22.456,22.481,116.2,107.8,165.45,0.04
2019-06-13 14:35:00,22.41,22.46,22.46,22.41,97.0,0.05,0.22,22.432,22.449,22.485,124.6,115.0,167.1,0.01
2019-06-13 14:40:00,22.46,22.47,22.46,22.45,94.0,0.0,0.0,22.438,22.446,22.4905,131.4,122.3,167.95,0.01
2019-06-13 14:45:00,22.46,22.46,22.35,22.35,183.0,-0.11,-0.49,22.418,22.433,22.4795,158.0,115.6,156.0,0.02
2019-06-13 14:50:00,22.35,22.38,22.38,22.33,175.0,0.03,0.13,22.412,22.426,22.466,176.8,115.8,153.9,0.02
2019-06-13 14:55:00,22.38,22.38,22.25,22.23,283.0,-0.13,-0.58,22.38,22.404,22.4495,166.4,141.3,151.1,0.03
2019-06-13 15:00:00,22.25,22.3,22.3,22.25,125.0,0.05,0.22,22.348,22.39,22.435,172.0,148.3,134.65,0.02
2019-06-14 09:35:00,22.26,22.66,22.32,22.12,705.0,0.06,0.27,22.32,22.379,22.4305,294.2,212.8,150.3,0.09
2019-06-14 09:40:00,22.33,22.33,22.33,22.17,191.0,0.0,0.0,22.316,22.367,22.4235,295.8,226.9,158.5,0.02
2019-06-14 09:45:00,22.33,22.34,22.32,22.25,188.0,-0.01,-0.04,22.304,22.358,22.413,298.4,237.6,162.9,0.02
2019-06-14 09:50:00,22.39,22.39,22.2,22.0,419.0,-0.19,-0.85,22.294,22.337,22.3965,325.6,246.0,176.9,0.05
2019-06-14 09:55:00,22.36,22.36,22.2,22.18,126.0,-0.16,-0.72,22.274,22.311,22.38,325.8,248.9,181.95,0.02
2019-06-14 10:00:00,22.2,22.23,22.23,22.2,63.0,0.03,0.14,22.256,22.288,22.367,197.4,245.8,184.05,0.01
2019-06-14 10:05:00,22.23,22.24,22.22,22.19,83.0,-0.01,-0.04,22.234,22.275,22.354,175.8,235.8,175.7,0.01
2019-06-14 10:10:00,22.22,22.22,22.2,22.17,46.0,-0.02,-0.09,22.21,22.257,22.3415,147.4,222.9,169.35,0.01
2019-06-14 10:15:00,22.2,22.2,22.16,22.16,127.0,-0.04,-0.18,22.202,22.248,22.326,89.0,207.3,174.3,0.02
2019-06-14 10:20:00,22.16,22.16,22.06,22.02,193.0,-0.1,-0.45,22.174,22.224,22.307,102.4,214.1,181.2,0.02
2019-06-14 10:25:00,22.06,22.2,22.2,22.06,111.0,0.14,0.63,22.168,22.212,22.2955,112.0,154.7,183.75,0.01
2019-06-14 10:30:00,22.2,22.29,22.27,22.2,68.0,0.07,0.32,22.178,22.206,22.2865,109.0,142.4,184.65,0.01
2019-06-14 10:35:00,22.27,22.42,22.42,22.27,113.0,0.15,0.67,22.222,22.216,22.287,122.4,134.9,186.25,0.01
2019-06-14 10:40:00,22.42,22.42,22.37,22.37,65.0,-0.05,-0.22,22.264,22.233,22.285,110.0,99.5,172.75,0.01
2019-06-14 10:45:00,22.37,22.37,22.28,22.28,30.0,-0.09,-0.4,22.308,22.241,22.276,77.4,89.9,169.4,0.0
2019-06-14 10:50:00,22.28,22.28,22.28,22.08,207.0,0.0,0.0,22.324,22.246,22.267,96.6,104.3,175.05,0.02
2019-06-14 10:55:00,22.28,22.28,22.27,22.12,46.0,-0.01,-0.04,22.324,22.251,22.263,92.2,100.6,168.2,0.01
2019-06-14 11:00:00,22.27,22.28,22.15,22.15,54.0,-0.12,-0.54,22.27,22.246,22.2515,80.4,101.4,162.15,0.01
2019-06-14 11:05:00,22.15,22.17,22.17,22.15,4.0,0.02,0.09,22.23,22.247,22.2475,68.2,89.1,148.2,0.0
2019-06-14 11:10:00,22.17,22.17,22.15,22.12,57.0,-0.02,-0.09,22.204,22.256,22.24,73.6,75.5,144.8,0.01
2019-06-14 11:15:00,22.15,22.15,22.1,22.09,126.0,-0.05,-0.23,22.168,22.246,22.229,57.4,77.0,115.85,0.02
2019-06-14 11:20:00,22.1,22.1,22.08,22.06,36.0,-0.02,-0.09,22.13,22.227,22.2165,55.4,73.8,108.1,0.0
2019-06-14 11:25:00,22.08,22.08,22.08,22.08,0.0,0.0,0.0,22.116,22.193,22.2045,44.6,62.5,98.7,0.0
2019-06-14 11:30:00,22.08,22.15,22.15,22.08,7.0,0.07,0.32,22.112,22.171,22.202,45.2,56.7,78.1,0.0
2019-06-14 13:05:00,22.15,22.15,22.12,22.12,85.0,-0.03,-0.14,22.106,22.155,22.198,50.8,62.2,76.05,0.01
2019-06-14 13:10:00,22.12,22.15,22.15,22.12,24.0,0.03,0.14,22.116,22.142,22.194,30.4,43.9,74.1,0.0
2019-06-14 13:15:00,22.15,22.15,22.13,22.13,149.0,-0.02,-0.09,22.126,22.128,22.1895,53.0,54.2,77.4,0.02
2019-06-14 13:20:00,22.13,22.15,22.14,22.13,14.0,0.01,0.05,22.138,22.127,22.1865,55.8,50.2,75.8,0.0
2019-06-14 13:25:00,22.14,22.15,22.14,22.13,71.0,0.0,0.0,22.136,22.124,22.1855,68.6,56.9,73.0,0.01
2019-06-14 13:30:00,22.14,22.15,22.14,22.14,19.0,0.0,0.0,22.14,22.123,22.1895,55.4,53.1,64.3,0.0
2019-06-14 13:35:00,22.14,22.18,22.18,22.14,76.73,0.04,0.18,22.146,22.131,22.1885,65.95,48.17,62.59,0.01
2019-06-14 13:40:00,22.18,22.19,22.18,22.18,27.0,0.0,0.0,22.156,22.141,22.184,41.55,47.27,60.54,0.0
2019-06-14 13:45:00,22.18,22.18,22.15,22.15,30.0,-0.03,-0.14,22.158,22.148,22.1705,44.75,50.27,56.39,0.0
2019-06-14 13:50:00,22.15,22.15,22.13,22.13,63.0,-0.02,-0.09,22.156,22.146,22.1585,43.15,55.87,56.29,0.01
2019-06-14 13:55:00,22.13,22.15,22.15,22.13,171.0,0.02,0.09,22.158,22.149,22.152,73.55,64.47,63.34,0.02
2019-06-14 14:00:00,22.15,22.15,22.14,22.13,102.0,-0.01,-0.05,22.15,22.148,22.145,78.6,72.27,58.09,0.01
2019-06-14 14:05:00,22.14,22.2,22.2,22.14,41.0,0.06,0.27,22.154,22.155,22.1415,81.4,61.47,57.84,0.0
2019-06-14 14:10:00,22.2,22.24,22.24,22.16,43.0,0.04,0.18,22.172,22.165,22.146,84.0,64.37,57.29,0.01
2019-06-14 14:15:00,22.24,22.26,22.26,22.2,29.0,0.02,0.09,22.198,22.177,22.1505,77.2,60.17,58.54,0.0
2019-06-14 14:20:00,22.26,22.4,22.4,22.26,534.0,0.14,0.63,22.248,22.203,22.163,149.8,111.67,82.39,0.06
2019-06-14 14:25:00,22.4,22.44,22.37,22.31,384.0,-0.03,-0.13,22.294,22.222,22.1765,206.2,142.4,95.29,0.05
2019-06-14 14:30:00,22.37,22.5,22.5,22.36,315.0,0.13,0.58,22.354,22.254,22.1975,261.0,171.2,109.24,0.04
2019-06-14 14:35:00,22.5,22.63,22.58,22.49,502.01,0.08,0.36,22.422,22.297,22.2225,352.8,218.4,134.34,0.06
2019-06-14 14:40:00,22.58,22.6,22.58,22.49,408.0,0.0,0.0,22.486,22.342,22.244,428.6,252.9,154.39,0.05
2019-06-14 14:45:00,22.58,23.5,23.5,22.58,1551.0,0.92,4.07,22.706,22.477,22.313,632.0,390.9,227.69,0.19
2019-06-14 14:50:00,23.51,23.95,23.33,23.33,2196.0,-0.18,-0.77,22.898,22.596,22.372,994.4,600.3,336.29,0.26
2019-06-14 14:55:00,23.32,23.32,22.94,22.9,1638.0,-0.38,-1.63,22.986,22.67,22.4125,1259.0,760.0,410.74,0.2
2019-06-14 15:00:00,22.94,23.0,22.92,22.9,977.0,-0.02,-0.09,23.054,22.738,22.4515,1354.0,853.4,458.89,0.12
2019-06-17 09:35:00,22.66,22.66,22.25,22.16,877.0,-0.41,-1.81,22.988,22.737,22.457,1447.8,938.2,499.19,0.11
2019-06-17 09:40:00,22.25,22.45,22.3,22.25,410.0,0.05,0.22,22.748,22.727,22.465,1219.6,925.8,518.74,0.05
2019-06-17 09:45:00,22.3,22.39,22.39,22.25,197.0,0.09,0.4,22.56,22.729,22.4755,819.8,907.1,524.75,0.02
2019-06-17 09:50:00,22.38,22.4,22.37,22.31,166.0,-0.01,-0.04,22.446,22.716,22.485,525.4,892.2,531.7,0.02
2019-06-17 09:55:00,22.37,22.38,22.24,22.24,332.0,-0.13,-0.58,22.31,22.682,22.4895,396.4,875.2,546.8,0.04
2019-06-17 10:00:00,22.24,22.24,21.89,21.65,717.0,-0.35,-1.57,22.238,22.613,22.4775,364.4,906.1,579.5,0.09
2019-06-17 10:05:00,21.89,22.17,22.16,21.89,418.0,0.27,1.23,22.21,22.479,22.478,366.0,792.8,591.85,0.05
2019-06-17 10:10:00,22.16,22.16,22.0,21.9,427.0,-0.16,-0.72,22.132,22.346,22.471,412.0,615.9,608.1,0.05
2019-06-17 10:15:00,22.0,22.14,22.14,21.99,93.0,0.14,0.64,22.086,22.266,22.468,397.4,461.4,610.7,0.01
2019-06-17 10:20:00,22.14,22.17,22.17,22.14,80.0,0.03,0.14,22.072,22.191,22.4645,347.0,371.7,612.55,0.01
2019-06-17 10:25:00,22.17,22.18,22.18,22.16,110.0,0.01,0.05,22.13,22.184,22.4605,225.6,295.0,616.6,0.01
2019-06-17 10:30:00,22.18,22.18,22.01,22.01,82.0,-0.17,-0.77,22.1,22.155,22.441,158.4,262.2,594.0,0.01
2019-06-17 10:35:00,22.01,22.13,22.01,22.01,62.0,0.0,0.0,22.102,22.117,22.423,85.4,248.7,577.9,0.01
2019-06-17 10:40:00,22.01,22.07,22.04,22.01,16.0,0.03,0.14,22.082,22.084,22.4,70.0,233.7,562.95,0.0
2019-06-17 10:45:00,22.04,22.05,22.02,22.02,156.0,-0.02,-0.09,22.052,22.062,22.372,85.2,216.1,545.65,0.02
2019-06-17 10:50:00,22.02,22.03,22.02,22.0,61.0,0.0,0.0,22.02,22.075,22.344,75.4,150.5,528.3,0.01
2019-06-17 10:55:00,22.02,22.03,22.03,22.02,28.0,0.01,0.05,22.024,22.062,22.2705,64.6,111.5,452.15,0.0
2019-06-17 11:00:00,22.03,22.06,22.03,22.03,44.0,0.0,0.0,22.028,22.065,22.2055,61.0,73.2,344.55,0.01
2019-06-17 11:05:00,22.03,22.09,22.09,22.02,37.0,0.06,0.27,22.038,22.06,22.163,65.2,67.6,264.5,0.0
2019-06-17 11:10:00,22.09,22.09,22.04,22.04,14.0,-0.05,-0.23,22.042,22.047,22.119,36.8,61.0,216.35,0.0
2019-06-17 11:15:00,22.04,22.04,22.04,22.04,0.0,0.0,0.0,22.046,22.033,22.1085,24.6,50.0,172.5,0.0
2019-06-17 11:20:00,22.04,22.05,22.04,22.04,25.0,0.0,0.0,22.048,22.036,22.0955,24.0,44.3,153.25,0.0
2019-06-17 11:25:00,22.04,22.04,21.83,21.83,307.0,-0.21,-0.95,22.008,22.018,22.0675,76.6,68.8,158.75,0.04
2019-06-17 11:30:00,21.83,22.04,21.84,21.83,134.0,0.01,0.05,21.958,21.998,22.041,96.0,80.6,157.15,0.02
2019-06-17 13:05:00,21.84,21.86,21.81,21.81,77.0,-0.03,-0.14,21.912,21.977,22.0195,108.6,72.7,144.4,0.01
2019-06-17 13:10:00,21.81,21.86,21.81,21.8,50.0,0.0,0.0,21.866,21.956,22.0155,118.6,71.6,111.05,0.01
2019-06-17 13:15:00,21.81,21.83,21.69,21.69,208.0,-0.12,-0.55,21.796,21.922,21.992,155.2,89.6,100.55,0.03
2019-06-17 13:20:00,21.69,21.7,21.64,21.63,339.0,-0.05,-0.23,21.758,21.883,21.974,161.6,119.1,96.15,0.04
2019-06-17 13:25:00,21.63,21.65,21.52,21.5,303.0,-0.11,-0.51,21.694,21.826,21.943,195.4,145.7,106.65,0.04
2019-06-17 13:30:00,21.52,21.67,21.62,21.51,106.0,0.1,0.46,21.656,21.784,21.9155,201.2,154.9,107.95,0.01
2019-06-17 13:35:00,21.62,21.62,21.6,21.57,114.0,-0.02,-0.09,21.614,21.74,21.8865,214.0,166.3,108.15,0.01
2019-06-17 13:40:00,21.59,21.89,21.8,21.59,225.0,0.21,0.97,21.636,21.716,21.876,217.4,186.3,115.3,0.03
2019-06-17 13:45:00,21.82,21.93,21.93,21.82,219.0,0.11,0.5,21.694,21.726,21.872,193.4,177.5,123.15,0.03
2019-06-17 13:50:00,21.93,21.94,21.92,21.9,416.0,-0.01,-0.05,21.774,21.734,21.866,216.0,205.7,143.15,0.05
2019-06-17 13:55:00,21.8,21.8,21.76,21.76,138.0,-0.04,-0.18,21.802,21.729,21.853,222.4,211.8,142.25,0.02
2019-06-17 14:00:00,21.76,21.77,21.77,21.76,109.0,0.01,0.05,21.836,21.725,21.8405,221.4,217.7,144.65,0.01
2019-06-17 14:05:00,21.77,21.8,21.8,21.77,45.0,0.03,0.14,21.836,21.736,21.829,185.4,201.4,145.5,0.01
2019-06-17 14:10:00,21.8,21.81,21.78,21.78,44.0,-0.02,-0.09,21.806,21.75,21.8165,150.4,171.9,145.5,0.01
2019-06-17 14:15:00,21.78,21.78,21.75,21.75,80.0,-0.03,-0.14,21.772,21.773,21.7995,83.2,149.6,147.65,0.01
2019-06-17 14:20:00,21.75,21.77,21.73,21.73,95.0,-0.02,-0.09,21.766,21.784,21.784,74.6,148.5,151.7,0.01
2019-06-17 14:25:00,21.73,21.78,21.78,21.73,51.0,0.05,0.23,21.768,21.802,21.771,63.0,142.2,154.25,0.01
2019-06-17 14:30:00,21.78,21.8,21.8,21.78,40.0,0.02,0.09,21.768,21.802,21.759,62.0,123.7,155.0,0.0
2019-06-17 14:35:00,21.81,21.82,21.74,21.74,147.0,-0.07,-0.32,21.76,21.783,21.7545,82.6,116.5,147.0,0.02
2019-06-17 14:40:00,21.74,21.74,21.58,21.58,439.0,-0.16,-0.74,21.726,21.749,21.7415,154.4,118.8,162.25,0.05
2019-06-17 14:45:00,21.6,21.7,21.69,21.6,42.0,0.09,0.42,21.718,21.742,21.7355,143.8,109.2,160.5,0.01
2019-06-17 14:50:00,21.69,21.71,21.64,21.61,217.0,-0.05,-0.23,21.69,21.729,21.727,177.0,120.0,168.85,0.03
2019-06-17 14:55:00,21.64,21.77,21.6,21.57,313.0,-0.04,-0.18,21.65,21.709,21.7225,231.6,146.8,174.1,0.04
2019-06-17 15:00:00,21.6,21.73,21.73,21.6,89.0,0.13,0.6,21.648,21.704,21.727,220.0,151.3,161.6,0.01
2019-06-18 09:35:00,21.9,21.91,21.59,21.37,626.0,-0.31,-1.42,21.65,21.688,21.7305,257.4,205.9,177.75,0.08
2019-06-18 09:40:00,21.59,21.74,21.74,21.4,302.0,0.15,0.69,21.66,21.689,21.7365,309.4,226.6,187.55,0.04
2019-06-18 09:45:00,21.74,21.74,21.71,21.51,142.0,-0.03,-0.14,21.674,21.682,21.742,294.4,235.7,188.95,0.02
2019-06-18 09:50:00,21.71,21.8,21.8,21.59,381.0,0.09,0.41,21.714,21.682,21.742,308.0,269.8,196.75,0.05
2019-06-18 09:55:00,21.8,21.8,21.69,21.66,118.0,-0.11,-0.5,21.706,21.677,21.73,313.8,266.9,191.7,0.01
2019-06-18 10:00:00,21.66,21.77,21.65,21.62,257.0,-0.01,-0.05,21.718,21.684,21.7165,240.0,248.7,183.75,0.03
2019-06-18 10:05:00,21.65,21.65,21.62,21.59,158.0,-0.03,-0.14,21.694,21.677,21.7095,211.2,260.3,184.75,0.02
2019-06-18 10:10:00,21.62,21.67,21.66,21.62,58.0,0.04,0.19,21.684,21.679,21.704,194.4,244.4,182.2,0.01
2019-06-18 10:15:00,21.66,21.69,21.69,21.64,54.0,0.03,0.14,21.662,21.688,21.6985,129.0,218.5,182.65,0.01
2019-06-18 10:20:00,21.69,21.69,21.68,21.67,15.0,-0.01,-0.05,21.66,21.683,21.6935,108.4,211.1,181.2,0.0
2019-06-18 10:25:00,21.68,21.74,21.74,21.68,72.0,0.06,0.28,21.678,21.698,21.693,71.4,155.7,180.8,0.01
2019-06-18 10:30:00,21.7,21.74,21.63,21.63,56.0,-0.07,-0.32,21.68,21.687,21.688,51.0,131.1,178.85,0.01
2019-06-18 10:35:00,21.63,21.63,21.59,21.59,99.0,-0.04,-0.18,21.666,21.675,21.6785,59.2,126.8,181.25,0.01
2019-06-18 10:40:00,21.59,21.69,21.69,21.56,87.0,0.1,0.46,21.666,21.664,21.673,65.8,97.4,183.6,0.01
2019-06-18 10:45:00,21.69,21.69,21.63,21.63,86.0,-0.06,-0.28,21.656,21.658,21.6675,80.0,94.2,180.55,0.01
2019-06-18 10:50:00,21.63,21.69,21.69,21.63,40.0,0.06,0.28,21.646,21.662,21.673,73.6,72.5,160.6,0.0
2019-06-18 10:55:00,21.69,21.7,21.64,21.55,150.0,-0.05,-0.23,21.648,21.664,21.6705,92.4,71.7,166.0,0.02
2019-06-18 11:00:00,21.64,21.64,21.63,21.58,26.0,-0.01,-0.05,21.656,21.661,21.67,77.8,68.5,156.45,0.0
2019-06-18 11:05:00,21.63,21.63,21.62,21.59,41.0,-0.01,-0.05,21.642,21.654,21.671,68.6,67.2,142.85,0.0
2019-06-18 11:10:00,21.62,21.62,21.62,21.59,84.0,0.0,0.0,21.64,21.648,21.6655,68.2,74.1,142.6,0.01
2019-06-18 11:15:00,21.62,21.62,21.58,21.58,10.0,-0.04,-0.19,21.618,21.632,21.665,62.2,67.9,111.8,0.0
2019-06-18 11:20:00,21.58,21.58,21.55,21.55,102.0,-0.03,-0.14,21.6,21.624,21.6555,52.6,72.5,101.8,0.01
2019-06-18 11:25:00,21.55,21.55,21.52,21.52,37.0,-0.03,-0.14,21.578,21.617,21.646,54.8,66.3,96.55,0.0
2019-06-18 11:30:00,21.52,21.52,21.5,21.5,144.0,-0.02,-0.09,21.554,21.598,21.631,75.4,72.0,84.7,0.02
2019-06-18 13:05:00,21.5,21.53,21.53,21.5,38.0,0.03,0.14,21.536,21.588,21.623,66.2,67.2,80.7,0.0
2019-06-18 13:10:00,21.53,21.53,21.45,21.45,84.0,-0.08,-0.37,21.51,21.564,21.613,81.0,71.6,72.05,0.01
2019-06-18 13:15:00,21.45,21.45,21.4,21.4,115.0,-0.05,-0.23,21.48,21.54,21.602,83.6,68.1,69.9,0.01
2019-06-18 13:20:00,21.4,21.49,21.49,21.38,91.0,0.09,0.42,21.474,21.526,21.5935,94.4,74.6,71.55,0.01
2019-06-18 13:25:00,21.49,21.49,21.49,21.48,109.0,0.0,0.0,21.472,21.513,21.5835,87.4,81.4,74.3,0.01
2019-06-18 13:30:00,21.49,21.49,21.41,21.41,67.0,-0.08,-0.37,21.448,21.492,21.57,93.2,79.7,76.9,0.01
2019-06-18 13:35:00,21.41,21.47,21.43,21.41,52.0,0.02,0.09,21.444,21.477,21.5545,86.8,83.9,75.9,0.01
2019-06-18 13:40:00,21.43,21.45,21.32,21.32,207.0,-0.11,-0.51,21.428,21.454,21.539,105.2,94.4,83.45,0.02
2019-06-18 13:45:00,21.32,21.36,21.34,21.32,157.0,0.02,0.09,21.398,21.436,21.5265,118.4,106.4,86.35,0.02
2019-06-18 13:50:00,21.34,21.35,21.33,21.33,80.0,-0.01,-0.05,21.366,21.419,21.5085,112.6,100.0,86.0,0.01
2019-06-18 13:55:00,21.33,21.38,21.38,21.33,264.0,0.05,0.23,21.36,21.404,21.496,152.0,122.6,94.9,0.03
2019-06-18 14:00:00,21.38,21.38,21.34,21.32,221.0,-0.04,-0.19,21.342,21.393,21.4785,185.8,136.3,103.95,0.03
2019-06-18 14:05:00,21.33,21.34,21.29,21.28,397.0,-0.04,-0.19,21.336,21.382,21.461,223.8,164.5,116.3,0.05
2019-06-18 14:10:00,21.29,21.31,21.3,21.29,33.0,0.01,0.05,21.328,21.363,21.4445,199.0,158.7,116.65,0.0
2019-06-18 14:15:00,21.3,21.32,21.32,21.3,50.0,0.02,0.09,21.326,21.346,21.4295,193.0,152.8,117.1,0.01
2019-06-18 14:20:00,21.32,21.38,21.32,21.32,207.0,0.0,0.0,21.314,21.337,21.4145,181.6,166.8,123.25,0.02
2019-06-18 14:25:00,21.34,21.35,21.33,21.33,132.0,-0.01,-0.05,21.312,21.327,21.402,163.8,174.8,129.35,0.02
2019-06-18 14:30:00,21.33,21.33,21.31,21.31,70.0,-0.02,-0.09,21.316,21.326,21.39,98.4,161.1,127.75,0.01
2019-06-18 14:35:00,21.31,21.32,21.31,21.28,288.0,0.0,0.0,21.318,21.323,21.3795,149.4,174.2,140.3,0.03
2019-06-18 14:40:00,21.31,21.32,21.32,21.3,161.0,0.01,0.05,21.318,21.322,21.3705,171.6,182.3,141.15,0.02
2019-06-18 14:45:00,21.32,21.32,21.29,21.27,179.0,-0.03,-0.14,21.312,21.313,21.3585,166.0,173.8,148.2,0.02
2019-06-18 14:50:00,21.28,21.3,21.27,21.27,222.0,-0.01,-0.05,21.3,21.306,21.3495,184.0,173.9,155.1,0.03
2019-06-18 14:55:00,21.27,21.28,21.25,21.25,155.0,-0.02,-0.09,21.288,21.302,21.342,201.0,149.7,157.1,0.02
2019-06-18 15:00:00,21.25,21.26,21.24,21.24,67.73,-0.01,-0.05,21.274,21.296,21.3295,156.95,153.17,155.94,0.01
2019-06-19 09:35:00,21.51,21.64,21.6,21.31,360.0,0.09,0.42,21.33,21.324,21.335,196.75,184.17,168.49,0.04
2019-06-19 09:40:00,21.6,21.62,21.5,21.5,128.0,-0.1,-0.46,21.372,21.342,21.3395,186.55,176.27,171.54,0.02
2019-06-19 09:45:00,21.54,21.54,21.46,21.39,185.0,-0.08,-0.37,21.41,21.355,21.341,179.15,181.57,178.19,0.02
2019-06-19 09:50:00,21.46,21.5,21.5,21.46,56.0,0.04,0.19,21.46,21.374,21.35,159.35,180.17,170.64,0.01
2019-06-19 09:55:00,21.5,21.54,21.48,21.48,179.0,-0.02,-0.09,21.508,21.391,21.357,181.6,169.27,171.74,0.02
2019-06-19 10:00:00,21.48,21.52,21.5,21.48,61.0,0.02,0.09,21.488,21.409,21.3655,121.8,159.27,170.79,0.01
2019-06-19 10:05:00,21.5,21.51,21.51,21.5,60.0,0.01,0.05,21.49,21.431,21.372,108.2,147.37,160.59,0.01
2019-06-19 10:10:00,21.51,21.53,21.5,21.48,533.0,-0.01,-0.05,21.498,21.454,21.38,177.8,178.47,176.19,0.06
2019-06-19 10:15:00,21.5,21.54,21.49,21.48,154.0,-0.01,-0.05,21.496,21.478,21.39,197.4,178.37,164.04,0.02
2019-06-19 10:20:00,21.49,21.49,21.46,21.46,146.0,-0.03,-0.14,21.492,21.5,21.398,190.8,186.2,169.69,0.02
2019-06-19 10:25:00,21.46,21.5,21.5,21.46,192.0,0.04,0.19,21.492,21.49,21.407,217.0,169.4,176.79,0.02
2019-06-19 10:30:00,21.5,21.5,21.38,21.35,192.0,-0.12,-0.56,21.466,21.478,21.41,243.4,175.8,176.04,0.02
2019-06-19 10:35:00,21.38,21.4,21.36,21.35,122.0,-0.02,-0.09,21.438,21.468,21.4115,161.2,169.5,175.54,0.01
2019-06-19 10:40:00,21.36,21.47,21.47,21.36,76.0,0.11,0.51,21.434,21.465,21.4195,145.6,171.5,175.84,0.01
2019-06-19 10:45:00,21.47,21.47,21.41,21.41,25.0,-0.06,-0.28,21.424,21.458,21.4245,121.4,156.1,162.69,0.0
2019-06-19 10:50:00,21.41,21.42,21.4,21.4,82.0,-0.01,-0.05,21.404,21.448,21.4285,99.4,158.2,158.74,0.01
2019-06-19 10:55:00,21.4,21.4,21.36,21.36,81.0,-0.04,-0.19,21.4,21.433,21.432,77.2,160.3,153.84,0.01
2019-06-19 11:00:00,21.36,21.38,21.38,21.35,87.0,0.02,0.09,21.404,21.421,21.4375,70.2,115.7,147.09,0.01
2019-06-19 11:05:00,21.38,21.38,21.38,21.37,24.0,0.0,0.0,21.386,21.41,21.444,59.8,102.7,140.54,0.0
2019-06-19 11:10:00,21.38,21.44,21.41,21.38,74.0,0.03,0.14,21.386,21.405,21.4525,69.6,95.5,140.85,0.01
2019-06-19 11:15:00,21.41,21.41,21.41,21.4,262.0,0.0,0.0,21.388,21.396,21.443,105.6,102.5,135.95,0.03
2019-06-19 11:20:00,21.41,21.46,21.46,21.41,8.0,0.05,0.23,21.408,21.404,21.441,91.0,84.1,129.95,0.0
2019-06-19 11:25:00,21.47,21.5,21.5,21.46,417.0,0.03,0.14,21.432,21.418,21.443,157.0,113.6,141.55,0.05
2019-06-19 11:30:00,21.5,21.53,21.5,21.5,61.0,0.0,0.0,21.456,21.421,21.443,164.4,112.1,141.8,0.01
2019-06-19 13:05:00,21.5,21.5,21.49,21.45,18.0,-0.01,-0.05,21.472,21.429,21.4435,153.2,111.4,133.75,0.0
2019-06-19 13:10:00,21.49,21.49,21.46,21.45,17.0,-0.03,-0.14,21.482,21.435,21.4415,104.2,104.9,131.55,0.0
2019-06-19 13:15:00,21.46,21.46,21.46,21.46,39.0,0.0,0.0,21.482,21.445,21.439,110.4,100.7,130.5,0.0
2019-06-19 13:20:00,21.46,21.5,21.5,21.46,58.0,0.04,0.19,21.482,21.457,21.439,38.6,97.8,106.75,0.01
2019-06-19 13:25:00,21.51,21.51,21.47,21.46,101.0,-0.04,-0.19,21.476,21.466,21.438,46.6,105.5,104.1,0.01
2019-06-19 13:30:00,21.47,21.47,21.47,21.46,101.0,0.0,0.0,21.472,21.472,21.4385,63.2,108.2,101.85,0.01
2019-06-19 13:35:00,21.47,21.47,21.46,21.46,78.0,-0.01,-0.05,21.472,21.477,21.4365,75.4,89.8,96.15,0.01
2019-06-19 13:40:00,21.46,21.47,21.47,21.45,244.0,0.01,0.05,21.474,21.478,21.441,116.4,113.4,98.75,0.03
2019-06-19 13:45:00,21.47,21.47,21.46,21.45,128.0,-0.01,-0.05,21.466,21.474,21.446,130.4,84.5,99.05,0.02
2019-06-19 13:50:00,21.46,21.46,21.46,21.46,10.0,0.0,0.0,21.464,21.47,21.4455,112.2,79.4,95.75,0.0
2019-06-19 13:55:00,21.46,21.52,21.52,21.46,233.0,0.06,0.28,21.474,21.473,21.451,138.6,100.9,106.15,0.03
2019-06-19 14:00:00,21.52,21.52,21.51,21.51,22.0,-0.01,-0.05,21.484,21.478,21.4565,127.4,101.4,103.15,0.0
2019-06-19 14:05:00,21.51,21.53,21.53,21.51,99.0,0.02,0.09,21.496,21.485,21.465,98.4,107.4,104.05,0.01
2019-06-19 14:10:00,21.52,21.52,21.52,21.52,30.0,0.0,0.0,21.508,21.487,21.472,78.8,104.6,101.2,0.0
2019-06-19 14:15:00,21.52,21.58,21.58,21.52,56.0,0.06,0.28,21.532,21.498,21.482,88.0,100.1,102.8,0.01
2019-06-19 14:20:00,21.58,21.58,21.57,21.56,36.0,-0.01,-0.05,21.542,21.508,21.49,48.6,93.6,100.9,0.0
2019-06-19 14:25:00,21.57,21.57,21.47,21.47,195.0,-0.1,-0.46,21.534,21.509,21.493,83.2,105.3,97.55,0.02
2019-06-19 14:30:00,21.47,21.5,21.5,21.47,11.0,0.03,0.14,21.528,21.512,21.495,65.6,82.0,97.7,0.0
2019-06-19 14:35:00,21.5,21.5,21.47,21.47,63.0,-0.03,-0.14,21.518,21.513,21.4935,72.2,75.5,80.0,0.01
2019-06-19 14:40:00,21.47,21.5,21.5,21.47,169.0,0.03,0.14,21.502,21.517,21.4935,94.8,91.4,85.4,0.02
2019-06-19 14:45:00,21.5,21.5,21.48,21.47,18.0,-0.02,-0.09,21.484,21.513,21.493,91.2,69.9,85.4,0.0
2019-06-19 14:50:00,21.51,21.51,21.49,21.48,83.0,-0.02,-0.09,21.488,21.511,21.4945,68.8,76.0,88.7,0.01
2019-06-19 14:55:00,21.49,21.49,21.47,21.47,210.0,-0.02,-0.09,21.482,21.505,21.495,108.6,87.1,97.25,0.03
2019-06-19 15:00:00,21.47,21.47,21.46,21.46,107.0,-0.01,-0.05,21.48,21.499,21.493,117.4,94.8,99.7,0.01
