timestamp,open,high,low,close,volume
2019/6/12 16:00,134.72,134.88,134.68,134.87,33098
2019/6/12 15:59,134.66,134.74,134.66,134.725,13826
2019/6/12 15:58,134.77,134.77,134.67,134.67,16451
2019/6/12 15:57,134.62,134.76,134.61,134.76,26380
2019/6/12 15:56,134.65,134.7,134.61,134.61,14615
2019/6/12 15:55,134.735,134.77,134.63,134.64,23793
2019/6/12 15:54,134.76,134.77,134.73,134.735,6743
2019/6/12 15:53,134.71,134.755,134.7,134.75,11929
2019/6/12 15:52,134.74,134.745,134.685,134.7,8914
2019/6/12 15:51,134.71,134.79,134.71,134.73,10411
2019/6/12 15:50,134.69,134.705,134.6744,134.7,9003
2019/6/12 15:49,134.72,134.72,134.67,134.69,15316
2019/6/12 15:48,134.745,134.75,134.725,134.73,8295
2019/6/12 15:47,134.745,134.76,134.74,134.74,8081
2019/6/12 15:46,134.67,134.75,134.67,134.745,13964
2019/6/12 15:45,134.71,134.71,134.6799,134.6799,7401
2019/6/12 15:44,134.775,134.775,134.71,134.72,3930
2019/6/12 15:43,134.78,134.79,134.765,134.79,4573
2019/6/12 15:42,134.73,134.79,134.73,134.78,5767
2019/6/12 15:41,134.72,134.73,134.68,134.73,7381
2019/6/12 15:40,134.71,134.73,134.7,134.72,9379
2019/6/12 15:39,134.67,134.71,134.66,134.7,4324
2019/6/12 15:38,134.69,134.69,134.65,134.67,9148
2019/6/12 15:37,134.72,134.725,134.69,134.69,6578
2019/6/12 15:36,134.71,134.73,134.705,134.71,4381
2019/6/12 15:35,134.74,134.75,134.71,134.71,7219
2019/6/12 15:34,134.75,134.755,134.735,134.74,5546
2019/6/12 15:33,134.785,134.79,134.755,134.76,2093
2019/6/12 15:32,134.79,134.8,134.78,134.7964,5594
2019/6/12 15:31,134.75,134.7815,134.74,134.7815,6939
2019/6/12 15:30,134.74,134.765,134.74,134.76,3855
2019/6/12 15:29,134.715,134.775,134.71,134.77,7076
2019/6/12 15:28,134.745,134.745,134.71,134.71,2686
2019/6/12 15:27,134.77,134.77,134.74,134.745,2673
2019/6/12 15:26,134.74,134.78,134.74,134.775,5909
2019/6/12 15:25,134.77,134.77,134.72,134.74,4105
2019/6/12 15:24,134.81,134.81,134.77,134.79,2648
2019/6/12 15:23,134.78,134.82,134.78,134.81,4971
2019/6/12 15:22,134.79,134.819,134.79,134.79,1724
2019/6/12 15:21,134.81,134.83,134.8,134.8045,2617
2019/6/12 15:20,134.77,134.81,134.77,134.795,1536
2019/6/12 15:19,134.775,134.79,134.76,134.77,3697
2019/6/12 15:18,134.8021,134.8145,134.77,134.77,5343
2019/6/12 15:17,134.81,134.82,134.79,134.79,2383
2019/6/12 15:16,134.83,134.845,134.78,134.8128,3726
2019/6/12 15:15,134.83,134.84,134.81,134.831,3048
2019/6/12 15:14,134.8396,134.85,134.83,134.85,1171
2019/6/12 15:13,134.775,134.85,134.775,134.85,4169
2019/6/12 15:12,134.755,134.781,134.755,134.781,2915
2019/6/12 15:11,134.77,134.77,134.75,134.75,1276
2019/6/12 15:10,134.72,134.77,134.72,134.77,5446
2019/6/12 15:09,134.7163,134.7163,134.71,134.71,460
2019/6/12 15:08,134.72,134.7577,134.7,134.74,4512
2019/6/12 15:07,134.7,134.74,134.69,134.7085,4927
2019/6/12 15:06,134.7,134.7369,134.7,134.7369,3852
2019/6/12 15:05,134.78,134.78,134.7,134.7,2168
2019/6/12 15:04,134.78,134.7906,134.76,134.76,2640
2019/6/12 15:03,134.831,134.831,134.78,134.78,1892
2019/6/12 15:02,134.8437,134.86,134.83,134.84,4445
2019/6/12 15:01,134.92,134.92,134.86,134.86,2303
2019/6/12 15:00,134.95,134.955,134.91,134.91,2429
2019/6/12 14:59,134.95,134.96,134.94,134.9495,1507
2019/6/12 14:58,134.9757,134.9757,134.94,134.94,1730
2019/6/12 14:57,134.96,134.99,134.94,134.951,2803
2019/6/12 14:56,134.99,135,134.97,134.97,1494
2019/6/12 14:55,134.99,135,134.97,134.97,2557
2019/6/12 14:54,134.97,135.05,134.94,134.977,13238
2019/6/12 14:53,134.9942,135.02,134.9942,135.01,2558
2019/6/12 14:52,134.98,135,134.945,135,4699
2019/6/12 14:51,135.14,135.14,134.98,134.98,12002
2019/6/12 14:50,135.155,135.17,135.13,135.13,10863
2019/6/12 14:49,135.165,135.17,135.13,135.16,7641
2019/6/12 14:48,135.065,135.15,135.0623,135.15,11220
2019/6/12 14:47,134.99,135.07,134.99,135.06,6880
2019/6/12 14:46,134.97,135.02,134.94,135,12130
2019/6/12 14:45,134.9,134.98,134.9,134.96,8073
2019/6/12 14:44,134.84,134.8981,134.84,134.885,11061
2019/6/12 14:43,134.78,134.85,134.77,134.85,12483
2019/6/12 14:42,134.79,134.79,134.75,134.78,3743
2019/6/12 14:41,134.769,134.79,134.7679,134.79,1456
2019/6/12 14:40,134.73,134.765,134.73,134.765,5464
2019/6/12 14:39,134.7,134.73,134.7,134.72,4624
2019/6/12 14:38,134.68,134.71,134.68,134.7,3540
2019/6/12 14:37,134.66,134.67,134.6468,134.661,8283
2019/6/12 14:36,134.62,134.66,134.62,134.66,2710
2019/6/12 14:35,134.5855,134.62,134.58,134.62,1857
2019/6/12 14:34,134.55,134.58,134.55,134.58,3806
2019/6/12 14:33,134.56,134.57,134.53,134.53,3157
2019/6/12 14:32,134.62,134.62,134.59,134.6,1406
2019/6/12 14:31,134.63,134.6336,134.6132,134.62,2753
2019/6/12 14:30,134.61,134.63,134.5982,134.63,4589
2019/6/12 14:29,134.62,134.63,134.61,134.61,2330
2019/6/12 14:28,134.64,134.66,134.6,134.6,2150
2019/6/12 14:27,134.6,134.67,134.6,134.66,6986
2019/6/12 14:26,134.64,134.64,134.59,134.6,26688
2019/6/12 14:25,134.62,134.65,134.62,134.65,2863
2019/6/12 14:24,134.61,134.62,134.58,134.59,3262
2019/6/12 14:23,134.585,134.61,134.57,134.6034,6060
2019/6/12 14:22,134.535,134.59,134.48,134.59,15167
2019/6/12 14:21,134.46,134.55,134.46,134.5414,8242
2019/6/12 14:20,134.4446,134.45,134.4446,134.45,863
2019/6/12 14:19,134.46,134.47,134.45,134.46,4354
2019/6/12 14:18,134.5,134.5,134.46,134.46,4777
2019/6/12 14:17,134.495,134.52,134.48,134.49,2443
2019/6/12 14:16,134.485,134.53,134.48,134.5133,6433
2019/6/12 14:15,134.46,134.48,134.4488,134.48,7454
2019/6/12 14:14,134.505,134.505,134.46,134.47,5948
2019/6/12 14:13,134.46,134.51,134.4563,134.51,7500
2019/6/12 14:12,134.46,134.47,134.44,134.45,10836
2019/6/12 14:11,134.44,134.46,134.43,134.45,5917
2019/6/12 14:10,134.45,134.45,134.415,134.431,2127
2019/6/12 14:09,134.47,134.47,134.449,134.45,1458
2019/6/12 14:08,134.47,134.4958,134.47,134.48,2382
2019/6/12 14:07,134.4644,134.48,134.44,134.48,3203
2019/6/12 14:06,134.48,134.48,134.41,134.47,6254
2019/6/12 14:05,134.555,134.5557,134.47,134.47,2347
2019/6/12 14:04,134.55,134.56,134.55,134.55,2848
2019/6/12 14:03,134.52,134.545,134.51,134.53,3410
2019/6/12 14:02,134.5303,134.54,134.5,134.52,2351
2019/6/12 14:01,134.52,134.5299,134.51,134.5299,1823
2019/6/12 14:00,134.5,134.52,134.47,134.51,4421
2019/6/12 13:59,134.5,134.5035,134.49,134.5,1203
2019/6/12 13:58,134.51,134.5177,134.48,134.506,3478
2019/6/12 13:57,134.5,134.51,134.485,134.51,2086
2019/6/12 13:56,134.51,134.51,134.51,134.51,591
2019/6/12 13:55,134.525,134.54,134.51,134.51,3348
2019/6/12 13:54,134.51,134.53,134.51,134.52,2292
2019/6/12 13:53,134.535,134.545,134.511,134.511,1584
2019/6/12 13:52,134.545,134.55,134.5334,134.5353,1369
2019/6/12 13:51,134.53,134.53,134.5061,134.53,5487
2019/6/12 13:50,134.5458,134.5458,134.53,134.535,2026
2019/6/12 13:49,134.5214,134.55,134.52,134.5442,3931
2019/6/12 13:48,134.52,134.54,134.52,134.53,2118
2019/6/12 13:47,134.56,134.57,134.52,134.52,4297
2019/6/12 13:46,134.53,134.565,134.53,134.565,4688
2019/6/12 13:45,134.54,134.54,134.525,134.535,1079
2019/6/12 13:44,134.515,134.54,134.515,134.54,1769
2019/6/12 13:43,134.53,134.53,134.505,134.5155,2027
2019/6/12 13:42,134.53,134.53,134.53,134.53,278
2019/6/12 13:41,134.51,134.55,134.51,134.55,1304
2019/6/12 13:40,134.525,134.525,134.5,134.5,882
2019/6/12 13:39,134.521,134.55,134.482,134.51,6324
2019/6/12 13:38,134.52,134.53,134.52,134.53,1039
2019/6/12 13:37,134.54,134.57,134.53,134.53,2300
2019/6/12 13:36,134.52,134.54,134.5,134.53,6791
2019/6/12 13:35,134.52,134.56,134.51,134.54,3921
2019/6/12 13:34,134.531,134.531,134.515,134.515,1903
2019/6/12 13:33,134.54,134.5416,134.53,134.53,1191
2019/6/12 13:32,134.6,134.6,134.57,134.57,1456
2019/6/12 13:31,134.62,134.635,134.595,134.6,5991
2019/6/12 13:30,134.64,134.64,134.62,134.62,1525
2019/6/12 13:29,134.61,134.64,134.61,134.64,1222
2019/6/12 13:28,134.615,134.63,134.6,134.63,2891
2019/6/12 13:27,134.66,134.67,134.62,134.621,2618
2019/6/12 13:26,134.6233,134.65,134.6059,134.65,2409
2019/6/12 13:25,134.64,134.65,134.62,134.62,2321
2019/6/12 13:24,134.64,134.66,134.64,134.65,1812
2019/6/12 13:23,134.63,134.65,134.61,134.63,2789
2019/6/12 13:22,134.61,134.64,134.595,134.64,2878
2019/6/12 13:21,134.59,134.61,134.57,134.59,1897
2019/6/12 13:20,134.56,134.56,134.55,134.56,2841
2019/6/12 13:19,134.56,134.58,134.551,134.58,1103
2019/6/12 13:18,134.565,134.58,134.56,134.56,1410
2019/6/12 13:17,134.55,134.57,134.55,134.5668,1691
2019/6/12 13:16,134.56,134.56,134.55,134.5584,1387
2019/6/12 13:15,134.56,134.57,134.55,134.56,1358
2019/6/12 13:14,134.58,134.58,134.565,134.5714,549
2019/6/12 13:13,134.54,134.56,134.54,134.56,3111
2019/6/12 13:12,134.5084,134.53,134.5084,134.53,3679
2019/6/12 13:11,134.58,134.58,134.5,134.52,4483
2019/6/12 13:10,134.63,134.6329,134.58,134.58,2006
2019/6/12 13:09,134.63,134.66,134.63,134.66,6151
2019/6/12 13:08,134.64,134.64,134.62,134.64,1000
2019/6/12 13:07,134.66,134.67,134.6536,134.66,2134
2019/6/12 13:06,134.69,134.69,134.66,134.66,3708
2019/6/12 13:05,134.7,134.7033,134.68,134.69,1643
2019/6/12 13:04,134.66,134.68,134.64,134.68,3642
2019/6/12 13:03,134.66,134.66,134.65,134.65,724
2019/6/12 13:02,134.76,134.76,134.69,134.69,7999
2019/6/12 13:01,134.78,134.81,134.765,134.765,3775
2019/6/12 13:00,134.79,134.8,134.77,134.78,3175
2019/6/12 12:59,134.83,134.83,134.81,134.81,1226
2019/6/12 12:58,134.86,134.86,134.84,134.8429,1917
2019/6/12 12:57,134.83,134.86,134.81,134.85,6134
2019/6/12 12:56,134.81,134.83,134.81,134.83,1912
2019/6/12 12:55,134.8363,134.8363,134.8208,134.8208,1478
2019/6/12 12:54,134.825,134.86,134.8173,134.8397,5396
2019/6/12 12:53,134.8159,134.84,134.8159,134.82,2208
2019/6/12 12:52,134.815,134.85,134.81,134.81,4218
2019/6/12 12:51,134.795,134.83,134.795,134.83,3209
2019/6/12 12:50,134.75,134.8,134.75,134.79,3664
2019/6/12 12:49,134.755,134.77,134.74,134.74,1993
2019/6/12 12:48,134.71,134.76,134.705,134.76,5312
2019/6/12 12:47,134.681,134.705,134.681,134.705,1170
2019/6/12 12:46,134.69,134.73,134.69,134.7,3942
2019/6/12 12:45,134.65,134.69,134.65,134.69,1593
2019/6/12 12:44,134.67,134.67,134.65,134.65,1928
2019/6/12 12:43,134.7316,134.7316,134.7,134.7,1404
2019/6/12 12:42,134.73,134.73,134.695,134.7263,1770
2019/6/12 12:41,134.74,134.74,134.72,134.72,1253
2019/6/12 12:40,134.75,134.7647,134.71,134.74,3382
2019/6/12 12:39,134.75,134.75,134.73,134.73,1279
2019/6/12 12:38,134.72,134.75,134.71,134.74,3226
2019/6/12 12:37,134.77,134.77,134.72,134.72,3154
2019/6/12 12:36,134.81,134.81,134.79,134.79,2832
2019/6/12 12:35,134.795,134.8387,134.795,134.8,2717
2019/6/12 12:34,134.8,134.8,134.79,134.8,1820
2019/6/12 12:33,134.76,134.83,134.75,134.8,8378
2019/6/12 12:32,134.74,134.78,134.74,134.78,1946
2019/6/12 12:31,134.74,134.76,134.7353,134.75,1918
2019/6/12 12:30,134.75,134.76,134.74,134.7469,1158
2019/6/12 12:29,134.76,134.77,134.76,134.7661,990
2019/6/12 12:28,134.8,134.8246,134.76,134.7775,3496
2019/6/12 12:27,134.79,134.82,134.79,134.8,2553
2019/6/12 12:26,134.75,134.83,134.75,134.8,6189
2019/6/12 12:24,134.68,134.69,134.6697,134.69,20572
2019/6/12 12:20,134.7075,134.7075,134.68,134.68,6940
2019/6/12 12:18,134.7,134.7,134.7,134.7,704725
2019/6/12 12:17,134.69,134.69,134.69,134.69,0
2019/6/12 12:16,134.54,134.55,134.53,134.53,3958
2019/6/12 12:14,134.59,134.59,134.59,134.59,171
2019/6/12 12:13,134.6,134.6,134.6,134.6,2841
2019/6/12 12:12,134.58,134.58,134.58,134.58,100
2019/6/12 12:11,134.6,134.6,134.6,134.6,4006
2019/6/12 12:09,134.69,134.69,134.69,134.69,7720
2019/6/12 12:08,134.56,134.56,134.54,134.54,750
2019/6/12 12:07,134.55,134.55,134.55,134.55,7194
2019/6/12 12:06,134.53,134.53,134.53,134.53,100
2019/6/12 12:05,134.53,134.53,134.53,134.53,7705
2019/6/12 12:03,134.495,134.495,134.49,134.49,6842
2019/6/12 12:01,134.49,134.494,134.49,134.494,8820
2019/6/12 12:00,134.55,134.55,134.48,134.48,4808
2019/6/12 11:59,134.57,134.5706,134.541,134.557,1817
2019/6/12 11:58,134.5703,134.5826,134.55,134.57,1965
2019/6/12 11:57,134.57,134.59,134.5501,134.59,3427
2019/6/12 11:56,134.52,134.56,134.52,134.56,1965
2019/6/12 11:55,134.5,134.54,134.5,134.54,1616
2019/6/12 11:54,134.54,134.55,134.51,134.52,5196
2019/6/12 11:53,134.62,134.62,134.52,134.54,4072
2019/6/12 11:52,134.66,134.67,134.64,134.64,1571
2019/6/12 11:51,134.65,134.67,134.5967,134.67,4488
2019/6/12 11:50,134.72,134.72,134.7,134.7,2685
2019/6/12 11:49,134.731,134.75,134.7238,134.74,962
2019/6/12 11:48,134.72,134.7608,134.715,134.75,2888
2019/6/12 11:47,134.73,134.74,134.71,134.72,1824
2019/6/12 11:46,134.74,134.755,134.71,134.72,2346
2019/6/12 11:45,134.745,134.76,134.72,134.721,2627
2019/6/12 11:44,134.78,134.78,134.74,134.7434,1693
2019/6/12 11:43,134.7799,134.79,134.77,134.79,3609
2019/6/12 11:42,134.755,134.755,134.72,134.74,6494
2019/6/12 11:41,134.76,134.77,134.74,134.75,1732
2019/6/12 11:40,134.785,134.79,134.74,134.77,1673
2019/6/12 11:39,134.806,134.806,134.73,134.78,2994
2019/6/12 11:38,134.91,134.91,134.81,134.81,7905
2019/6/12 11:37,134.93,134.94,134.91,134.91,2563
2019/6/12 11:36,135.02,135.02,134.93,134.95,4897
2019/6/12 11:35,135.07,135.07,135.01,135.01,2173
2019/6/12 11:34,134.99,135.0494,134.98,135.0464,5137
2019/6/12 11:33,134.965,134.985,134.965,134.9779,1508
2019/6/12 11:32,134.96,135,134.96,134.985,4126
2019/6/12 11:31,134.9346,134.98,134.9346,134.9621,3117
2019/6/12 11:30,134.9,134.94,134.87,134.94,3625
2019/6/12 11:29,134.89,134.929,134.88,134.9107,3496
2019/6/12 11:28,134.87,134.91,134.87,134.89,2600
2019/6/12 11:27,134.94,134.95,134.9,134.9,2115
2019/6/12 11:26,134.925,134.94,134.9031,134.94,5302
2019/6/12 11:25,134.93,134.95,134.89,134.95,4152
2019/6/12 11:24,134.9,134.93,134.885,134.93,6039
2019/6/12 11:23,134.89,134.95,134.89,134.9,1534
2019/6/12 11:22,134.9565,134.96,134.9,134.9,2663
2019/6/12 11:21,134.99,135,134.9579,134.9579,1291
2019/6/12 11:20,134.96,135.01,134.94,135.0001,4587
2019/6/12 11:19,134.955,134.97,134.94,134.96,1765
2019/6/12 11:18,134.96,134.99,134.94,134.9558,3402
2019/6/12 11:17,134.97,134.97,134.92,134.94,2299
2019/6/12 11:16,134.94,134.97,134.93,134.9564,1720
2019/6/12 11:15,134.99,134.99,134.905,134.9137,1775
2019/6/12 11:14,134.99,135,134.94,134.94,2786
2019/6/12 11:13,135.091,135.091,135,135,3086
2019/6/12 11:12,135.15,135.17,135.09,135.12,3800
2019/6/12 11:11,135.1,135.13,135.1,135.13,33496
2019/6/12 11:10,135.08,135.12,135.08,135.09,1820
2019/6/12 11:09,135.02,135.08,135.02,135.08,2406
2019/6/12 11:08,135.05,135.06,135.03,135.03,3532
2019/6/12 11:07,135.08,135.11,135.05,135.05,4442
2019/6/12 11:06,135,135.09,134.99,135.06,3322
2019/6/12 11:05,134.98,135,134.96,135,4830
2019/6/12 11:04,134.895,134.98,134.895,134.98,2598
2019/6/12 11:03,135,135,134.89,134.895,2276
2019/6/12 11:02,135.0201,135.06,135.012,135.02,1385
2019/6/12 11:01,135,135.04,135,135.04,6189
2019/6/12 11:00,135.09,135.1175,135.05,135.05,6696
2019/6/12 10:59,135.12,135.12,135.0893,135.09,1237
2019/6/12 10:58,135.24,135.24,135.141,135.141,2202
2019/6/12 10:57,135.2425,135.2554,135.22,135.24,5032
2019/6/12 10:56,135.275,135.275,135.21,135.24,4081
2019/6/12 10:55,135.28,135.303,135.25,135.25,2718
2019/6/12 10:54,135.32,135.33,135.26,135.28,2757
2019/6/12 10:53,135.21,135.31,135.21,135.31,4357
2019/6/12 10:52,135.2,135.24,135.2,135.225,3394
2019/6/12 10:51,135.22,135.22,135.185,135.185,2593
2019/6/12 10:50,135.224,135.224,135.2,135.2,1826
2019/6/12 10:49,135.16,135.29,135.16,135.23,7597
2019/6/12 10:48,135.2,135.2,135.15,135.15,3247
2019/6/12 10:47,135.1122,135.22,135.11,135.2,3109
2019/6/12 10:46,135.044,135.1,135.044,135.0973,2537
2019/6/12 10:45,135.03,135.06,135.02,135.04,4411
2019/6/12 10:44,135.094,135.094,135.0376,135.04,2818
2019/6/12 10:43,135.15,135.15,135.07,135.07,4012
2019/6/12 10:42,135.23,135.24,135.15,135.16,6809
2019/6/12 10:41,135.1514,135.21,135.1514,135.21,3100
2019/6/12 10:40,135.11,135.15,135.08,135.14,1100
2019/6/12 10:39,134.97,135.11,134.95,135.11,3253
2019/6/12 10:38,134.93,134.97,134.93,134.96,4206
2019/6/12 10:37,134.91,134.98,134.885,134.98,2934
2019/6/12 10:36,134.875,134.94,134.865,134.9,4452
2019/6/12 10:35,134.82,134.85,134.82,134.82,2705
2019/6/12 10:34,134.8231,134.8231,134.78,134.8037,3438
2019/6/12 10:33,134.75,134.81,134.74,134.81,6695
2019/6/12 10:32,134.82,134.84,134.73,134.76,5906
2019/6/12 10:31,134.79,134.88,134.79,134.83,4641
2019/6/12 10:30,134.72,134.79,134.7081,134.79,3874
2019/6/12 10:29,134.79,134.82,134.75,134.75,5158
2019/6/12 10:28,134.8544,134.86,134.74,134.78,4951
2019/6/12 10:27,134.87,134.89,134.78,134.85,4287
2019/6/12 10:26,134.845,134.89,134.8,134.85,13271
2019/6/12 10:25,134.91,134.97,134.84,134.85,4417
2019/6/12 10:24,135.01,135.01,134.91,134.966,3061
2019/6/12 10:23,135.06,135.06,134.99,135.0023,3417
2019/6/12 10:22,134.99,135.02,134.9662,135,7123
2019/6/12 10:21,135.05,135.1,134.98,135.005,11304
2019/6/12 10:20,135.065,135.09,135.065,135.09,756
2019/6/12 10:19,135.08,135.12,135.05,135.07,6241
2019/6/12 10:18,135.2,135.2,135.05,135.07,6407
2019/6/12 10:17,135.14,135.2,135.14,135.2,6180
2019/6/12 10:16,135.23,135.23,135.12,135.145,8694
2019/6/12 10:15,135.32,135.32,135.22,135.24,1448
2019/6/12 10:14,135.37,135.37,135.31,135.33,2558
2019/6/12 10:13,135.371,135.39,135.35,135.39,4510
2019/6/12 10:12,135.38,135.4,135.35,135.385,2476
2019/6/12 10:11,135.35,135.415,135.35,135.3925,2697
2019/6/12 10:10,135.46,135.48,135.3327,135.34,3554
2019/6/12 10:09,135.43,135.47,135.4242,135.46,3012
2019/6/12 10:08,135.5,135.57,135.43,135.43,4825
2019/6/12 10:07,135.51,135.51,135.46,135.5,3321
2019/6/12 10:06,135.55,135.565,135.5,135.5,2877
2019/6/12 10:05,135.62,135.62,135.55,135.5688,2657
2019/6/12 10:04,135.56,135.64,135.54,135.64,3787
2019/6/12 10:03,135.6,135.6,135.5201,135.57,1823
2019/6/12 10:02,135.59,135.61,135.59,135.6,10842
2019/6/12 10:00,135.48,135.52,135.43,135.52,5346
2019/6/12 9:59,135.48,135.5,135.45,135.45,2013
2019/6/12 9:58,135.41,135.47,135.41,135.42,2875
2019/6/12 9:57,135.44,135.47,135.41,135.425,1244
2019/6/12 9:56,135.55,135.6,135.42,135.44,3681
2019/6/12 9:55,135.63,135.63,135.52,135.52,2215
2019/6/12 9:54,135.61,135.64,135.61,135.6329,555
2019/6/12 9:53,135.55,135.64,135.55,135.63,3096
2019/6/12 9:52,135.56,135.62,135.55,135.55,4106
2019/6/12 9:51,135.51,135.6005,135.51,135.57,5243
2019/6/12 9:50,135.46,135.51,135.44,135.44,6825
2019/6/12 9:49,135.46,135.47,135.43,135.47,2905
2019/6/12 9:48,135.68,135.7,135.46,135.46,4293
2019/6/12 9:47,135.72,135.75,135.71,135.71,2936
2019/6/12 9:46,135.65,135.72,135.65,135.72,1121
2019/6/12 9:45,135.7,135.71,135.675,135.7,1143
2019/6/12 9:44,135.6891,135.6891,135.61,135.64,2755
2019/6/12 9:43,135.69,135.74,135.67,135.67,1398
2019/6/12 9:42,135.52,135.7535,135.52,135.72,2876
2019/6/12 9:41,135.5844,135.5844,135.525,135.57,4648
2019/6/12 9:40,135.69,135.721,135.6,135.63,3737
2019/6/12 9:39,135.73,135.89,135.73,135.77,5448
2019/6/12 9:38,135.6321,135.7483,135.6321,135.6822,2997
2019/6/12 9:37,135.6,135.6563,135.55,135.65,2957
2019/6/12 9:36,135.59,135.67,135.59,135.6695,3608
2019/6/12 9:35,135.525,135.65,135.525,135.6041,3461
2019/6/12 9:34,135.6,135.6,135.45,135.45,4984
2019/6/12 9:33,135.72,135.72,135.58,135.58,2065
2019/6/12 9:32,135.875,135.88,135.59,135.675,6685
2019/6/12 9:31,135.75,135.94,135.665,135.9148,0
2019/6/11 16:00,135.97,135.99,135.84,135.92,45700
2019/6/11 15:59,136.03,136.03,135.96,135.96,22322
2019/6/11 15:58,136.02,136.09,136.01,136.035,18757
2019/6/11 15:57,136.085,136.13,136.01,136.01,25883
2019/6/11 15:56,135.99,136.1,135.99,136.085,24647
2019/6/11 15:55,135.92,136.02,135.92,135.99,26661
2019/6/11 15:54,135.88,135.94,135.86,135.91,23218
2019/6/11 15:53,135.89,135.9,135.86,135.88,16905
2019/6/11 15:52,135.87,135.9,135.86,135.8875,13949
2019/6/11 15:51,135.9,135.91,135.84,135.87,10606
2019/6/11 15:50,135.82,135.92,135.82,135.9,15779
2019/6/11 15:49,135.87,135.87,135.815,135.83,9605
2019/6/11 15:48,135.82,135.87,135.82,135.87,9426
2019/6/11 15:47,135.79,135.83,135.79,135.81,5788
2019/6/11 15:46,135.82,135.82,135.78,135.78,5641
2019/6/11 15:45,135.79,135.85,135.78,135.82,11023
2019/6/11 15:44,135.84,135.84,135.79,135.79,5220
2019/6/11 15:43,135.835,135.8482,135.82,135.83,8617
2019/6/11 15:42,135.82,135.84,135.81,135.835,6181
2019/6/11 15:41,135.82,135.82,135.78,135.81,5738
2019/6/11 15:40,135.81,135.8247,135.78,135.82,4948
2019/6/11 15:39,135.77,135.835,135.765,135.81,10199
2019/6/11 15:38,135.7496,135.79,135.73,135.76,6495
2019/6/11 15:37,135.79,135.81,135.73,135.75,9293
2019/6/11 15:36,135.83,135.83,135.78,135.785,6952
2019/6/11 15:35,135.84,135.86,135.81,135.83,6154
2019/6/11 15:34,135.78,135.8301,135.78,135.8301,6256
2019/6/11 15:33,135.68,135.79,135.68,135.77,6969
2019/6/11 15:32,135.61,135.71,135.61,135.68,5770
2019/6/11 15:31,135.65,135.65,135.6,135.6075,8797
2019/6/11 15:30,135.66,135.67,135.64,135.65,2797
2019/6/11 15:29,135.66,135.6837,135.65,135.66,5176
2019/6/11 15:28,135.615,135.66,135.615,135.65,3674
2019/6/11 15:27,135.65,135.65,135.6,135.6,3151
2019/6/11 15:26,135.6407,135.67,135.64,135.651,6158
2019/6/11 15:25,135.56,135.63,135.56,135.63,3840
2019/6/11 15:24,135.53,135.56,135.53,135.55,4619
2019/6/11 15:23,135.6,135.61,135.53,135.53,11517
2019/6/11 15:22,135.66,135.685,135.6255,135.63,3281
2019/6/11 15:21,135.62,135.6673,135.62,135.66,2633
2019/6/11 15:20,135.64,135.65,135.61,135.61,2983
2019/6/11 15:19,135.6279,135.66,135.6279,135.63,3751
2019/6/11 15:18,135.7,135.71,135.63,135.64,6737
2019/6/11 15:17,135.68,135.715,135.661,135.6926,6899
2019/6/11 15:16,135.69,135.7,135.67,135.68,3744
2019/6/11 15:15,135.7,135.7,135.6732,135.6732,2362
2019/6/11 15:14,135.74,135.75,135.69,135.69,2567
2019/6/11 15:13,135.715,135.75,135.715,135.74,2517
2019/6/11 15:12,135.69,135.7318,135.69,135.7126,3216
2019/6/11 15:11,135.7,135.76,135.695,135.7,3697
2019/6/11 15:10,135.64,135.71,135.62,135.71,3910
2019/6/11 15:09,135.61,135.66,135.61,135.64,3267
2019/6/11 15:08,135.66,135.66,135.6,135.6,2164
2019/6/11 15:07,135.5408,135.65,135.5408,135.65,4266
2019/6/11 15:06,135.44,135.55,135.44,135.55,3001
2019/6/11 15:05,135.44,135.5,135.43,135.46,4246
2019/6/11 15:04,135.51,135.51,135.475,135.48,5978
2019/6/11 15:03,135.54,135.5581,135.511,135.511,5703
2019/6/11 15:02,135.54,135.54,135.52,135.53,1788
2019/6/11 15:01,135.565,135.57,135.53,135.56,5318
2019/6/11 15:00,135.57,135.57,135.54,135.56,3601
2019/6/11 14:59,135.575,135.59,135.57,135.57,3331
2019/6/11 14:58,135.53,135.58,135.53,135.58,2428
2019/6/11 14:57,135.51,135.55,135.51,135.53,3443
2019/6/11 14:56,135.54,135.54,135.51,135.51,2032
2019/6/11 14:55,135.55,135.58,135.54,135.55,2954
2019/6/11 14:54,135.56,135.58,135.53,135.57,5567
2019/6/11 14:53,135.56,135.6,135.56,135.56,2212
2019/6/11 14:52,135.57,135.58,135.53,135.57,4120
2019/6/11 14:51,135.6,135.62,135.56,135.56,2562
2019/6/11 14:50,135.59,135.6,135.58,135.6,1601
2019/6/11 14:49,135.58,135.59,135.55,135.5871,4485
2019/6/11 14:48,135.55,135.59,135.547,135.5615,4108
2019/6/11 14:47,135.62,135.62,135.54,135.54,5922
2019/6/11 14:46,135.67,135.67,135.62,135.62,2084
2019/6/11 14:45,135.67,135.69,135.67,135.6716,2099
2019/6/11 14:44,135.65,135.69,135.625,135.69,8010
2019/6/11 14:43,135.68,135.68,135.63,135.63,9617
2019/6/11 14:42,135.68,135.68,135.65,135.65,9902
2019/6/11 14:41,135.69,135.69,135.65,135.69,2528
2019/6/11 14:40,135.71,135.72,135.69,135.7,3299
2019/6/11 14:39,135.67,135.71,135.65,135.71,7673
2019/6/11 14:38,135.7101,135.73,135.6799,135.6799,4872
2019/6/11 14:37,135.73,135.76,135.73,135.73,1841
2019/6/11 14:36,135.76,135.76,135.705,135.7299,3350
2019/6/11 14:35,135.78,135.78,135.76,135.76,2359
2019/6/11 14:34,135.7655,135.8,135.765,135.8,2707
2019/6/11 14:33,135.78,135.78,135.75,135.775,5201
2019/6/11 14:32,135.83,135.83,135.77,135.77,2408
2019/6/11 14:31,135.835,135.86,135.83,135.83,3324
2019/6/11 14:30,135.85,135.86,135.84,135.8452,1754
2019/6/11 14:29,135.86,135.86,135.84,135.86,906
2019/6/11 14:28,135.82,135.87,135.81,135.87,4254
2019/6/11 14:27,135.81,135.81,135.78,135.81,1555
2019/6/11 14:26,135.8357,135.8357,135.81,135.81,4209
2019/6/11 14:25,135.86,135.86,135.84,135.85,2141
2019/6/11 14:24,135.84,135.88,135.83,135.88,5042
2019/6/11 14:23,135.84,135.86,135.83,135.85,2114
2019/6/11 14:22,135.83,135.84,135.8273,135.84,1828
2019/6/11 14:21,135.83,135.85,135.83,135.83,1200
2019/6/11 14:20,135.86,135.86,135.82,135.84,2240
2019/6/11 14:19,135.86,135.88,135.86,135.88,1869
2019/6/11 14:18,135.84,135.87,135.82,135.85,3381
2019/6/11 14:17,135.8435,135.88,135.8435,135.86,2771
2019/6/11 14:16,135.881,135.9,135.85,135.85,2708
2019/6/11 14:15,135.89,135.9,135.88,135.8855,2225
2019/6/11 14:14,135.93,135.93,135.8667,135.88,3928
2019/6/11 14:13,135.8865,135.91,135.86,135.91,2414
2019/6/11 14:12,135.88,135.9114,135.88,135.89,1426
2019/6/11 14:11,135.93,135.93,135.86,135.86,5357
2019/6/11 14:10,135.91,135.94,135.91,135.9385,2240
2019/6/11 14:09,135.9264,135.9264,135.89,135.9,2630
2019/6/11 14:08,135.92,135.93,135.92,135.9286,757
2019/6/11 14:07,135.89,135.94,135.89,135.92,2467
2019/6/11 14:06,135.98,135.98,135.9055,135.9055,2766
2019/6/11 14:05,136,136.01,135.99,136,1845
2019/6/11 14:04,135.99,136.0168,135.98,136,1768
2019/6/11 14:03,135.93,136,135.93,135.98,7931
2019/6/11 14:02,135.9,135.925,135.9,135.925,1739
2019/6/11 14:01,135.88,135.91,135.87,135.9,3927
2019/6/11 14:00,135.8498,135.89,135.8498,135.8696,2579
2019/6/11 13:59,135.8672,135.875,135.83,135.87,1787
2019/6/11 13:58,135.81,135.88,135.81,135.86,2923
2019/6/11 13:57,135.8,135.83,135.79,135.81,6805
2019/6/11 13:56,135.7763,135.82,135.7637,135.809,2668
2019/6/11 13:55,135.73,135.76,135.73,135.76,1426
2019/6/11 13:54,135.69,135.7206,135.69,135.7206,2506
2019/6/11 13:53,135.72,135.72,135.685,135.685,6308
2019/6/11 13:52,135.725,135.725,135.71,135.72,1827
2019/6/11 13:51,135.7,135.74,135.7,135.71,1313
2019/6/11 13:50,135.67,135.72,135.651,135.7,5886
2019/6/11 13:49,135.66,135.69,135.66,135.68,3241
2019/6/11 13:48,135.661,135.68,135.65,135.66,2838
2019/6/11 13:47,135.74,135.74,135.66,135.69,6975
2019/6/11 13:46,135.77,135.77,135.75,135.75,4573
2019/6/11 13:45,135.74,135.78,135.74,135.78,2302
2019/6/11 13:44,135.7599,135.78,135.7528,135.7528,3561
2019/6/11 13:43,135.75,135.765,135.75,135.75,2784
2019/6/11 13:42,135.75,135.75,135.72,135.75,4143
2019/6/11 13:41,135.77,135.77,135.75,135.75,2280
2019/6/11 13:40,135.7798,135.7798,135.7501,135.77,2367
2019/6/11 13:39,135.7893,135.8,135.78,135.8,3863
2019/6/11 13:38,135.7669,135.8,135.75,135.79,2586
2019/6/11 13:37,135.76,135.79,135.7501,135.7715,1336
2019/6/11 13:36,135.77,135.79,135.73,135.76,3846
2019/6/11 13:35,135.77,135.79,135.75,135.77,3259
2019/6/11 13:34,135.7699,135.8,135.7699,135.7964,4644
2019/6/11 13:33,135.72,135.76,135.7,135.76,2917
2019/6/11 13:32,135.65,135.69,135.65,135.69,1333
2019/6/11 13:31,135.74,135.74,135.64,135.6652,3267
2019/6/11 13:30,135.653,135.74,135.65,135.74,5352
2019/6/11 13:29,135.611,135.65,135.61,135.65,1763
2019/6/11 13:28,135.67,135.7,135.63,135.64,3614
2019/6/11 13:27,135.67,135.6901,135.67,135.68,1416
2019/6/11 13:26,135.7,135.7,135.64,135.68,2375
2019/6/11 13:25,135.71,135.715,135.6575,135.68,5239
2019/6/11 13:24,135.67,135.7006,135.67,135.7006,3160
2019/6/11 13:23,135.7071,135.73,135.7,135.7,2423
2019/6/11 13:22,135.7231,135.7231,135.69,135.695,1900
2019/6/11 13:21,135.64,135.72,135.64,135.72,3317
2019/6/11 13:20,135.64,135.66,135.64,135.64,975
2019/6/11 13:19,135.69,135.7,135.67,135.67,1434
2019/6/11 13:18,135.712,135.73,135.68,135.68,3521
2019/6/11 13:17,135.74,135.74,135.7,135.74,907
2019/6/11 13:16,135.7,135.74,135.6901,135.6901,2679
2019/6/11 13:15,135.66,135.7046,135.66,135.7,4770
2019/6/11 13:14,135.61,135.65,135.58,135.65,2889
2019/6/11 13:13,135.58,135.59,135.55,135.59,2745
2019/6/11 13:12,135.58,135.6,135.55,135.5827,3895
2019/6/11 13:11,135.58,135.58,135.53,135.57,3016
2019/6/11 13:10,135.57,135.61,135.5606,135.59,2595
2019/6/11 13:09,135.5603,135.57,135.52,135.57,3490
2019/6/11 13:08,135.56,135.59,135.56,135.56,2100
2019/6/11 13:07,135.59,135.62,135.55,135.55,2593
2019/6/11 13:06,135.67,135.7,135.63,135.63,2110
2019/6/11 13:05,135.66,135.67,135.65,135.65,1661
2019/6/11 13:04,135.71,135.71,135.65,135.66,1987
2019/6/11 13:03,135.6,135.69,135.6,135.69,2487
2019/6/11 13:02,135.58,135.65,135.58,135.63,4037
2019/6/11 13:01,135.53,135.59,135.5,135.59,3200
2019/6/11 13:00,135.5,135.554,135.47,135.54,5097
2019/6/11 12:59,135.5572,135.58,135.53,135.53,2282
2019/6/11 12:58,135.57,135.62,135.57,135.57,3666
2019/6/11 12:57,135.59,135.59,135.55,135.57,3402
2019/6/11 12:56,135.61,135.65,135.59,135.59,3480
2019/6/11 12:55,135.73,135.73,135.62,135.62,2469
2019/6/11 12:54,135.75,135.75,135.73,135.75,3192
2019/6/11 12:53,135.69,135.75,135.69,135.73,2267
2019/6/11 12:52,135.68,135.72,135.67,135.68,3646
2019/6/11 12:51,135.72,135.74,135.68,135.7,3078
2019/6/11 12:50,135.72,135.72,135.69,135.72,1645
2019/6/11 12:49,135.8,135.81,135.69,135.69,3614
2019/6/11 12:48,135.8406,135.8406,135.79,135.79,2566
2019/6/11 12:47,135.79,135.86,135.78,135.855,3163
2019/6/11 12:46,135.81,135.87,135.8,135.8,3961
2019/6/11 12:45,135.86,135.865,135.81,135.81,2509
2019/6/11 12:44,135.79,135.87,135.79,135.87,4016
2019/6/11 12:43,135.85,135.85,135.75,135.78,6233
2019/6/11 12:42,135.8626,135.88,135.84,135.86,3199
2019/6/11 12:41,135.86,135.91,135.84,135.86,5942
2019/6/11 12:40,135.86,135.91,135.8569,135.87,2552
2019/6/11 12:39,135.93,135.9305,135.88,135.88,3132
2019/6/11 12:38,135.88,135.93,135.88,135.92,2794
2019/6/11 12:37,135.95,135.95,135.88,135.8944,4065
2019/6/11 12:36,135.9,135.95,135.89,135.94,3306
2019/6/11 12:35,135.97,135.99,135.94,135.94,9982
2019/6/11 12:34,135.94,135.96,135.94,135.96,2572
2019/6/11 12:33,135.99,136.01,135.96,135.96,2470
2019/6/11 12:32,135.99,135.99,135.96,135.96,4096
2019/6/11 12:31,135.88,136.02,135.87,136.01,4868
2019/6/11 12:30,135.86,135.9,135.84,135.9,2373
2019/6/11 12:29,135.9,135.91,135.83,135.8375,3689
2019/6/11 12:28,135.89,135.9,135.84,135.8902,4113
2019/6/11 12:27,135.8838,135.9,135.86,135.883,3941
2019/6/11 12:26,135.91,135.91,135.8758,135.9,3079
2019/6/11 12:25,135.91,135.945,135.91,135.92,2896
2019/6/11 12:24,135.92,135.94,135.91,135.93,2949
2019/6/11 12:23,135.9317,135.96,135.91,135.94,4091
2019/6/11 12:22,135.89,135.9446,135.89,135.9406,3363
2019/6/11 12:21,135.9,135.92,135.87,135.9,5771
2019/6/11 12:20,135.92,135.96,135.89,135.91,2237
2019/6/11 12:19,135.93,135.94,135.9102,135.93,3227
2019/6/11 12:18,135.89,135.94,135.86,135.94,3033
2019/6/11 12:17,135.9,135.94,135.88,135.89,3614
2019/6/11 12:16,135.9,135.9,135.82,135.88,5836
2019/6/11 12:15,135.87,135.97,135.87,135.8905,7930
2019/6/11 12:14,135.9,135.951,135.858,135.858,5845
2019/6/11 12:13,135.89,135.9,135.85,135.9,9571
2019/6/11 12:12,135.88,135.92,135.85,135.89,6149
2019/6/11 12:11,135.89,135.9199,135.84,135.8509,2526
2019/6/11 12:10,135.93,135.95,135.88,135.9,3465
2019/6/11 12:09,135.82,135.93,135.8,135.91,4826
2019/6/11 12:08,135.8,135.8273,135.7695,135.81,6744
2019/6/11 12:07,135.81,135.85,135.81,135.82,4633
2019/6/11 12:06,135.91,135.94,135.81,135.81,7442
2019/6/11 12:05,135.86,135.89,135.855,135.89,3255
2019/6/11 12:04,135.9,135.915,135.84,135.86,16109
2019/6/11 12:03,136.01,136.015,135.9,135.91,16016
2019/6/11 12:02,136.01,136.03,136,136.01,12920
2019/6/11 12:01,136.04,136.06,136.01,136.0197,5955
2019/6/11 12:00,136.08,136.09,136.03,136.03,4681
2019/6/11 11:59,136.1,136.11,136.08,136.1,2976
2019/6/11 11:58,136.09,136.13,136.05,136.11,6873
2019/6/11 11:57,136.11,136.13,136.05,136.09,6250
2019/6/11 11:56,136.12,136.12,136.105,136.11,4468
2019/6/11 11:55,136.06,136.13,136.05,136.13,6388
2019/6/11 11:54,136.12,136.12,136.06,136.06,4262
2019/6/11 11:53,136.125,136.15,136.11,136.12,7300
2019/6/11 11:52,136.06,136.1428,136.05,136.1428,8044
2019/6/11 11:51,136.03,136.08,136.015,136.05,9289
2019/6/11 11:50,136.09,136.09,136.02,136.03,5598
2019/6/11 11:49,136.06,136.095,136.03,136.08,3423
2019/6/11 11:48,136.08,136.08,136.04,136.07,8618
2019/6/11 11:47,136.08,136.105,136.04,136.09,8552
2019/6/11 11:46,136.04,136.08,136.04,136.06,7619
2019/6/11 11:45,135.9738,136.05,135.97,136.04,5357
2019/6/11 11:44,135.897,135.98,135.897,135.97,5376
2019/6/11 11:43,135.89,135.89,135.8677,135.87,3599
2019/6/11 11:42,135.87,135.93,135.87,135.895,6525
2019/6/11 11:41,135.8611,135.89,135.8599,135.88,4143
2019/6/11 11:40,135.84,135.88,135.8,135.86,5619
2019/6/11 11:39,135.9,135.925,135.86,135.86,4660
2019/6/11 11:38,135.96,135.96,135.88,135.88,6228
2019/6/11 11:37,135.995,136.02,135.95,135.95,6866
2019/6/11 11:36,135.97,136.01,135.96,135.99,3777
2019/6/11 11:35,136.05,136.05,135.9572,135.9572,8965
2019/6/11 11:34,136.05,136.0564,136.02,136.04,3879
2019/6/11 11:33,136.16,136.16,136.07,136.07,11071
2019/6/11 11:32,136.12,136.175,136.1,136.17,3741
2019/6/11 11:31,136.14,136.17,136.12,136.12,8768
2019/6/11 11:30,136.06,136.11,136.06,136.11,5316
2019/6/11 11:29,136.04,136.095,136.04,136.05,8530
2019/6/11 11:28,135.97,136.02,135.94,136.02,3292
2019/6/11 11:27,136.06,136.0869,135.99,135.99,9309
2019/6/11 11:26,136.17,136.18,136.02,136.0409,7345
2019/6/11 11:25,136.12,136.185,136.12,136.1625,6804
2019/6/11 11:24,136.1505,136.16,136.13,136.13,5450
2019/6/11 11:23,136.14,136.15,136.1,136.11,5967
2019/6/11 11:22,136.1,136.18,136.1,136.15,10500
2019/6/11 11:21,136.125,136.1395,136.1,136.12,7992
2019/6/11 11:20,136.13,136.17,136.12,136.125,7115
2019/6/11 11:19,136.125,136.15,136.12,136.15,5909
2019/6/11 11:18,136.08,136.15,136.08,136.12,8660
2019/6/11 11:17,136.01,136.09,135.99,136.09,7263
2019/6/11 11:16,135.9536,135.995,135.91,135.995,8526
2019/6/11 11:15,136.05,136.05,135.97,135.97,5113
2019/6/11 11:14,136.05,136.09,136.02,136.051,7171
2019/6/11 11:13,136.07,136.0916,136.03,136.06,7125
2019/6/11 11:12,136.08,136.08,136.04,136.04,3925
2019/6/11 11:11,135.94,136.0615,135.92,136.0615,4815
2019/6/11 11:10,136.1203,136.1203,135.94,135.9604,19266
2019/6/11 11:09,136.09,136.1,136,136.0969,7943
2019/6/11 11:08,136.1717,136.1722,136.08,136.08,14427
2019/6/11 11:07,136.13,136.19,136.1,136.17,18478
2019/6/11 11:06,136.05,136.1305,136.04,136.1204,7541
2019/6/11 11:05,136.08,136.1019,136.04,136.04,10023
2019/6/11 11:04,136.09,136.1292,136.04,136.09,12827
2019/6/11 11:03,136.05,136.1138,136.05,136.06,10179
2019/6/11 11:02,136.08,136.14,136.02,136.04,8145
2019/6/11 11:01,136.1,136.11,136.0177,136.06,7192
2019/6/11 11:00,136.05,136.1,136.05,136.08,5083
2019/6/11 10:59,136.09,136.13,136.02,136.02,9328
2019/6/11 10:58,136.07,136.14,136.055,136.07,14204
2019/6/11 10:57,136.04,136.12,136.04,136.075,11180
2019/6/11 10:56,136.03,136.075,135.99,136.03,18654
2019/6/11 10:55,135.88,136.0617,135.86,136.06,11506
2019/6/11 10:54,135.9294,135.9294,135.81,135.8401,9415
2019/6/11 10:53,135.83,135.98,135.83,135.94,10051
2019/6/11 10:52,135.74,135.82,135.74,135.81,11848
2019/6/11 10:51,135.85,135.89,135.76,135.7601,14790
2019/6/11 10:50,135.8312,135.87,135.81,135.86,11053
2019/6/11 10:49,135.89,135.89,135.8,135.83,7700
2019/6/11 10:48,135.97,135.9725,135.89,135.89,8402
2019/6/11 10:47,136.01,136.02,135.935,135.98,13754
2019/6/11 10:46,135.86,136.0664,135.86,136.0301,18587
2019/6/11 10:45,135.84,135.9,135.82,135.84,9529
2019/6/11 10:44,135.88,135.9,135.81,135.81,12746
2019/6/11 10:43,135.97,135.97,135.8994,135.8994,12616
2019/6/11 10:42,136.01,136.03,135.99,135.99,8166
2019/6/11 10:41,135.9799,136.01,135.89,135.99,12224
2019/6/11 10:40,136.02,136.06,135.97,135.97,16539
2019/6/11 10:39,136.08,136.08,136.02,136.03,13906
2019/6/11 10:38,136.0496,136.08,135.99,136.05,23667
2019/6/11 10:37,136.1,136.1,135.98,136.04,14511
2019/6/11 10:36,136.14,136.14,136.07,136.1,9233
2019/6/11 10:35,136.18,136.2,136.15,136.15,8730
2019/6/11 10:34,136.31,136.33,136.18,136.18,12673
2019/6/11 10:33,136.3,136.325,136.27,136.3,8352
2019/6/11 10:32,136.42,136.4247,136.28,136.29,9259
2019/6/11 10:31,136.42,136.46,136.3801,136.44,14415
2019/6/11 10:30,136.34,136.4,136.32,136.4,4503
2019/6/11 10:29,136.2864,136.341,136.2864,136.341,8550
2019/6/11 10:28,136.25,136.29,136.23,136.29,5305
2019/6/11 10:27,136.2,136.25,136.16,136.245,6650
2019/6/11 10:26,136.2,136.25,136.16,136.2,6910
2019/6/11 10:25,136.09,136.18,136.09,136.175,9401
2019/6/11 10:24,136.23,136.26,136.1,136.1,5954
2019/6/11 10:23,136.18,136.25,136.16,136.2218,8667
2019/6/11 10:22,136.04,136.219,136.04,136.18,6350
2019/6/11 10:21,136.26,136.26,136.065,136.065,12981
2019/6/11 10:20,136.16,136.32,136.13,136.26,12972
2019/6/11 10:19,136.09,136.2185,136.09,136.17,14428
2019/6/11 10:18,136.09,136.1364,136,136.055,22738
2019/6/11 10:17,135.92,136.12,135.92,136.105,28235
2019/6/11 10:16,135.82,135.94,135.78,135.91,16094
2019/6/11 10:15,135.64,135.83,135.64,135.83,12346
2019/6/11 10:14,135.4,135.61,135.4,135.61,22895
2019/6/11 10:13,135.19,135.39,135.19,135.39,8255
2019/6/11 10:12,135.3,135.38,135.205,135.205,16104
2019/6/11 10:11,135.28,135.375,135.2786,135.31,18157
2019/6/11 10:10,135.09,135.29,135.08,135.29,15897
2019/6/11 10:09,135.21,135.24,135.05,135.06,18247
2019/6/11 10:08,135.17,135.225,135.15,135.2,23206
2019/6/11 10:07,135.2199,135.28,135.18,135.18,13318
2019/6/11 10:06,135.31,135.32,135.22,135.22,5633
2019/6/11 10:05,135.27,135.36,135.27,135.36,7589
2019/6/11 10:04,135.37,135.39,135.2957,135.31,5559
2019/6/11 10:03,135.35,135.39,135.33,135.35,7533
2019/6/11 10:02,135.38,135.47,135.36,135.36,12059
2019/6/11 10:01,135.36,135.45,135.34,135.365,11512
2019/6/11 10:00,135.39,135.49,135.34,135.35,10283
2019/6/11 9:59,135.51,135.52,135.33,135.37,8919
2019/6/11 9:58,135.53,135.53,135.45,135.53,6833
2019/6/11 9:57,135.65,135.66,135.47,135.51,9568
2019/6/11 9:56,135.615,135.66,135.57,135.66,5777
2019/6/11 9:55,135.4705,135.62,135.47,135.61,10175
2019/6/11 9:54,135.65,135.73,135.51,135.51,22700
2019/6/11 9:53,135.76,135.79,135.62,135.62,10029
2019/6/11 9:52,135.79,135.88,135.75,135.755,11619
2019/6/11 9:51,135.68,135.84,135.68,135.79,10687
2019/6/11 9:50,135.64,135.73,135.6397,135.6899,11016
2019/6/11 9:49,135.67,135.77,135.6,135.6,17865
2019/6/11 9:48,135.6,135.73,135.56,135.65,14208
2019/6/11 9:47,135.65,135.7,135.56,135.64,11900
2019/6/11 9:46,135.415,135.75,135.415,135.64,15278
2019/6/11 9:45,135.5613,135.5613,135.42,135.42,9645
2019/6/11 9:44,135.67,135.67,135.53,135.53,6851
2019/6/11 9:43,135.62,135.74,135.54,135.635,14789
2019/6/11 9:42,135.39,135.61,135.38,135.59,10271
2019/6/11 9:41,135.38,135.47,135.31,135.3401,11757
2019/6/11 9:40,135.26,135.38,135.19,135.3723,6205
2019/6/11 9:39,135.22,135.335,135.19,135.25,7697
2019/6/11 9:38,135.2969,135.34,135.09,135.23,12301
2019/6/11 9:37,135.2652,135.465,135.24,135.25,6716
2019/6/11 9:36,135.32,135.36,135.16,135.28,15195
2019/6/11 9:35,135.625,135.63,135.27,135.3017,24570
2019/6/11 9:34,135.615,135.71,135.57,135.6,5558
2019/6/11 9:33,135.72,135.79,135.59,135.59,10827
2019/6/11 9:32,135.5,135.74,135.5,135.7065,13392
2019/6/11 9:31,135.32,135.46,135.22,135.445,0
2019/6/10 16:00,134.845,134.87,134.69,134.71,48705
2019/6/10 15:59,134.77,134.85,134.75,134.85,31745
2019/6/10 15:58,134.8,134.8,134.73,134.78,23488
2019/6/10 15:57,134.81,134.82,134.75,134.8,26168
2019/6/10 15:56,134.855,134.855,134.75,134.8,28708
2019/6/10 15:55,134.76,134.8681,134.75,134.86,23303
2019/6/10 15:54,134.75,134.79,134.72,134.76,17465
2019/6/10 15:53,134.81,134.82,134.72,134.76,21462
2019/6/10 15:52,134.8,134.83,134.77,134.82,19304
2019/6/10 15:51,134.87,134.92,134.77,134.8,23172
2019/6/10 15:50,134.89,134.89,134.855,134.88,15346
2019/6/10 15:49,134.865,134.895,134.86,134.895,16661
2019/6/10 15:48,134.78,134.86,134.78,134.86,11898
2019/6/10 15:47,134.78,134.79,134.75,134.79,10989
2019/6/10 15:46,134.88,134.89,134.74,134.79,17806
2019/6/10 15:45,134.83,134.88,134.81,134.875,15572
2019/6/10 15:44,134.815,134.83,134.81,134.82,5782
2019/6/10 15:43,134.765,134.83,134.765,134.82,18082
2019/6/10 15:42,134.85,134.85,134.74,134.77,10365
2019/6/10 15:41,134.81,134.89,134.81,134.87,11053
2019/6/10 15:40,134.905,134.91,134.82,134.82,7740
2019/6/10 15:39,134.9241,134.9241,134.86,134.9,7700
2019/6/10 15:38,134.98,134.98,134.92,134.92,10183
2019/6/10 15:37,134.98,134.99,134.9561,134.97,8246
2019/6/10 15:36,135,135,134.95,134.99,10796
2019/6/10 15:35,135.07,135.07,134.975,134.995,8728
2019/6/10 15:34,134.96,135.09,134.96,135.07,23177
2019/6/10 15:33,134.95,134.96,134.94,134.96,9914
2019/6/10 15:32,134.84,134.96,134.8301,134.96,8852
2019/6/10 15:31,134.91,134.91,134.82,134.84,8952
2019/6/10 15:30,134.875,134.92,134.86,134.91,10820
2019/6/10 15:29,134.885,134.9,134.87,134.87,11250
2019/6/10 15:28,134.88,134.9,134.8601,134.885,8645
2019/6/10 15:27,134.81,134.8799,134.81,134.87,6028
2019/6/10 15:26,134.88,134.89,134.81,134.81,4659
2019/6/10 15:25,134.9,134.91,134.88,134.89,3804
2019/6/10 15:24,134.91,134.94,134.91,134.92,6967
2019/6/10 15:23,134.9,134.95,134.9,134.91,4647
2019/6/10 15:22,134.97,134.97,134.88,134.89,5810
2019/6/10 15:21,134.99,135.03,134.99,134.99,6551
2019/6/10 15:20,135,135.03,135,135.005,4449
2019/6/10 15:19,134.97,134.99,134.96,134.99,8288
2019/6/10 15:18,134.92,134.99,134.91,134.97,2967
2019/6/10 15:17,134.87,134.92,134.87,134.92,3176
2019/6/10 15:16,134.82,134.87,134.82,134.86,7847
2019/6/10 15:15,134.89,134.89,134.82,134.82,2299
2019/6/10 15:14,134.935,134.96,134.88,134.89,7891
2019/6/10 15:13,134.95,134.968,134.94,134.94,4729
2019/6/10 15:12,135.01,135.01,134.93,134.94,4140
2019/6/10 15:11,135.01,135.03,135,135.03,4441
2019/6/10 15:10,134.98,135.02,134.98,135.01,7420
2019/6/10 15:09,134.985,134.99,134.97,134.97,2176
2019/6/10 15:08,135.01,135.013,135,135,4950
2019/6/10 15:07,134.98,135.025,134.98,135.01,5427
2019/6/10 15:06,135,135,134.98,135,11718
2019/6/10 15:05,135.0166,135.02,135.01,135.01,4674
2019/6/10 15:04,135,135.02,135,135.01,1973
2019/6/10 15:03,135,135.03,135,135.01,6053
2019/6/10 15:02,135,135.02,134.98,135,11631
2019/6/10 15:01,134.96,135.01,134.96,135,9566
2019/6/10 15:00,134.94,134.98,134.94,134.97,3425
2019/6/10 14:59,134.96,134.9782,134.92,134.93,4538
2019/6/10 14:58,134.97,134.98,134.96,134.96,3908
2019/6/10 14:57,134.93,134.98,134.92,134.96,4189
2019/6/10 14:56,134.94,134.95,134.92,134.92,3317
2019/6/10 14:55,134.95,134.96,134.93,134.93,4921
2019/6/10 14:54,134.97,134.97,134.95,134.95,3266
2019/6/10 14:53,135,135,134.97,134.97,5428
2019/6/10 14:52,135.01,135.01,135,135,4020
2019/6/10 14:51,134.97,135.02,134.97,135.01,7515
2019/6/10 14:50,134.95,134.98,134.95,134.97,3098
2019/6/10 14:49,134.95,134.97,134.94,134.94,3822
2019/6/10 14:48,134.94,134.96,134.93,134.96,3934
2019/6/10 14:47,134.87,134.92,134.87,134.92,3217
2019/6/10 14:46,134.87,134.89,134.86,134.87,4353
2019/6/10 14:45,134.8646,134.87,134.85,134.852,638
2019/6/10 14:44,134.86,134.8782,134.84,134.86,5903
2019/6/10 14:43,134.8,134.86,134.8,134.85,3599
2019/6/10 14:42,134.77,134.8,134.77,134.8,2460
2019/6/10 14:41,134.84,134.8485,134.78,134.78,4561
2019/6/10 14:40,134.8,134.86,134.8,134.86,3455
2019/6/10 14:39,134.77,134.79,134.77,134.78,5276
2019/6/10 14:38,134.7891,134.79,134.77,134.7761,3891
2019/6/10 14:37,134.83,134.83,134.7862,134.79,4117
2019/6/10 14:36,134.86,134.86,134.825,134.83,3631
2019/6/10 14:35,134.88,134.9,134.87,134.87,3616
2019/6/10 14:34,134.9,134.9,134.86,134.87,1816
2019/6/10 14:33,134.83,134.88,134.83,134.88,4695
2019/6/10 14:32,134.79,134.85,134.79,134.848,3929
2019/6/10 14:31,134.8,134.8,134.77,134.78,3880
2019/6/10 14:30,134.83,134.85,134.8,134.8,6512
2019/6/10 14:29,134.786,134.82,134.78,134.81,4889
2019/6/10 14:28,134.8,134.81,134.77,134.78,5729
2019/6/10 14:27,134.77,134.82,134.76,134.8023,3190
2019/6/10 14:26,134.74,134.78,134.72,134.78,5866
2019/6/10 14:25,134.7,134.74,134.7,134.74,5094
2019/6/10 14:24,134.63,134.72,134.63,134.71,5996
2019/6/10 14:23,134.62,134.6262,134.6,134.6003,1733
2019/6/10 14:22,134.58,134.62,134.57,134.61,4317
2019/6/10 14:21,134.52,134.58,134.52,134.56,4517
2019/6/10 14:20,134.5,134.54,134.5,134.53,2999
2019/6/10 14:19,134.476,134.51,134.45,134.51,2978
2019/6/10 14:18,134.49,134.5,134.46,134.5,5867
2019/6/10 14:17,134.5039,134.505,134.48,134.49,2974
2019/6/10 14:16,134.55,134.55,134.49,134.51,7793
2019/6/10 14:15,134.55,134.59,134.53,134.55,7650
2019/6/10 14:14,134.63,134.64,134.55,134.55,3758
2019/6/10 14:13,134.64,134.65,134.63,134.65,2240
2019/6/10 14:12,134.64,134.66,134.63,134.66,3335
2019/6/10 14:11,134.63,134.64,134.62,134.6385,3484
2019/6/10 14:10,134.65,134.6564,134.62,134.64,2751
2019/6/10 14:09,134.638,134.65,134.638,134.65,2129
2019/6/10 14:08,134.65,134.66,134.62,134.64,3853
2019/6/10 14:07,134.6,134.66,134.6,134.66,3119
2019/6/10 14:06,134.57,134.63,134.55,134.63,5125
2019/6/10 14:05,134.58,134.6,134.5556,134.57,6362
2019/6/10 14:04,134.59,134.6,134.56,134.59,7066
2019/6/10 14:03,134.59,134.61,134.59,134.6,2080
2019/6/10 14:02,134.65,134.65,134.52,134.6,6853
2019/6/10 14:01,134.75,134.77,134.68,134.68,4406
2019/6/10 14:00,134.73,134.75,134.72,134.75,2560
2019/6/10 13:59,134.7197,134.73,134.69,134.73,3824
2019/6/10 13:58,134.69,134.72,134.68,134.7,5335
2019/6/10 13:57,134.67,134.7,134.67,134.69,2090
2019/6/10 13:56,134.7,134.7097,134.67,134.67,3467
2019/6/10 13:55,134.7,134.73,134.68,134.68,5157
2019/6/10 13:54,134.67,134.7,134.66,134.7,1988
2019/6/10 13:53,134.65,134.69,134.65,134.67,5908
2019/6/10 13:52,134.76,134.76,134.65,134.65,2245
2019/6/10 13:51,134.78,134.79,134.74,134.75,3199
2019/6/10 13:50,134.8,134.81,134.79,134.79,3662
2019/6/10 13:49,134.79,134.79,134.78,134.79,2253
2019/6/10 13:48,134.79,134.8,134.77,134.79,6556
2019/6/10 13:47,134.77,134.78,134.75,134.78,4443
2019/6/10 13:46,134.76,134.77,134.73,134.7426,2780
2019/6/10 13:45,134.7815,134.7815,134.77,134.77,3327
2019/6/10 13:44,134.89,134.89,134.75,134.78,26593
2019/6/10 13:43,134.86,134.89,134.85,134.89,4693
2019/6/10 13:42,134.89,134.899,134.87,134.8741,2507
2019/6/10 13:41,134.85,134.92,134.85,134.9,4327
2019/6/10 13:40,134.85,134.8656,134.84,134.84,4034
2019/6/10 13:39,134.84,134.87,134.84,134.85,3338
2019/6/10 13:38,134.85,134.86,134.85,134.85,1192
2019/6/10 13:37,134.85,134.86,134.84,134.86,3196
2019/6/10 13:36,134.85,134.8864,134.84,134.87,4228
2019/6/10 13:35,134.89,134.89,134.82,134.85,7551
2019/6/10 13:34,134.89,134.94,134.89,134.91,3616
2019/6/10 13:33,134.93,134.95,134.91,134.91,4424
2019/6/10 13:32,134.9619,134.98,134.94,134.94,3397
2019/6/10 13:31,134.89,134.965,134.89,134.9631,5481
2019/6/10 13:30,134.87,134.89,134.87,134.89,3205
2019/6/10 13:29,134.81,134.87,134.81,134.87,3803
2019/6/10 13:28,134.86,134.87,134.82,134.82,2770
2019/6/10 13:27,134.88,134.88,134.86,134.87,3051
2019/6/10 13:26,134.9,134.91,134.89,134.89,4431
2019/6/10 13:25,134.91,134.91,134.89,134.9,1059
2019/6/10 13:24,134.9,134.92,134.89,134.89,5029
2019/6/10 13:23,134.9066,134.91,134.89,134.91,3703
2019/6/10 13:22,134.88,134.92,134.88,134.92,2745
2019/6/10 13:21,134.85,134.89,134.85,134.875,3941
2019/6/10 13:20,134.882,134.882,134.85,134.8537,2927
2019/6/10 13:19,134.88,134.9,134.88,134.88,2695
2019/6/10 13:18,134.86,134.88,134.84,134.86,3653
2019/6/10 13:17,134.87,134.87,134.84,134.87,3237
2019/6/10 13:16,134.88,134.91,134.87,134.88,2553
2019/6/10 13:15,134.8,134.87,134.8,134.86,4001
2019/6/10 13:14,134.86,134.86,134.8,134.8,2485
2019/6/10 13:13,134.845,134.88,134.845,134.86,3751
2019/6/10 13:12,134.81,134.85,134.81,134.85,2680
2019/6/10 13:11,134.7605,134.815,134.76,134.8,4000
2019/6/10 13:10,134.73,134.775,134.72,134.76,3099
2019/6/10 13:09,134.74,134.74,134.72,134.7212,2881
2019/6/10 13:08,134.78,134.78,134.71,134.72,2078
2019/6/10 13:07,134.76,134.802,134.75,134.79,4027
2019/6/10 13:06,134.8523,134.864,134.81,134.81,3792
2019/6/10 13:05,134.8099,134.87,134.8099,134.85,6053
2019/6/10 13:04,134.775,134.81,134.775,134.791,3691
2019/6/10 13:03,134.74,134.78,134.74,134.75,1192
2019/6/10 13:02,134.66,134.73,134.66,134.7177,3828
2019/6/10 13:01,134.6147,134.69,134.6147,134.65,5584
2019/6/10 13:00,134.68,134.68,134.6,134.6,3768
2019/6/10 12:59,134.71,134.72,134.69,134.69,2940
2019/6/10 12:58,134.64,134.72,134.64,134.7,4456
2019/6/10 12:57,134.7,134.7,134.63,134.64,4572
2019/6/10 12:56,134.75,134.77,134.7,134.7,4343
2019/6/10 12:55,134.74,134.78,134.74,134.76,3395
2019/6/10 12:54,134.77,134.7987,134.74,134.75,4782
2019/6/10 12:53,134.8,134.82,134.76,134.76,4356
2019/6/10 12:52,134.84,134.85,134.79,134.8,3466
2019/6/10 12:51,134.86,134.86,134.7968,134.82,4957
2019/6/10 12:50,134.82,134.86,134.82,134.86,1641
2019/6/10 12:49,134.78,134.83,134.78,134.82,4762
2019/6/10 12:48,134.8,134.82,134.8,134.8,2851
2019/6/10 12:47,134.77,134.83,134.77,134.83,3230
2019/6/10 12:46,134.84,134.84,134.76,134.77,2242
2019/6/10 12:45,134.917,134.917,134.85,134.85,3858
2019/6/10 12:44,134.89,134.94,134.88,134.92,3390
2019/6/10 12:43,134.8931,134.8931,134.87,134.89,4802
2019/6/10 12:42,134.971,134.971,134.9,134.9,9224
2019/6/10 12:41,134.96,134.99,134.95,134.99,5038
2019/6/10 12:40,134.92,134.965,134.92,134.965,4146
2019/6/10 12:39,134.84,134.9,134.83,134.9,7658
2019/6/10 12:38,134.85,134.85,134.8252,134.84,2996
2019/6/10 12:37,134.88,134.89,134.85,134.85,4644
2019/6/10 12:36,134.885,134.8998,134.87,134.8998,3085
2019/6/10 12:35,134.91,134.92,134.89,134.89,9712
2019/6/10 12:34,134.93,134.93,134.88,134.89,17671
2019/6/10 12:33,134.91,134.9441,134.91,134.935,5668
2019/6/10 12:32,134.9,134.9087,134.895,134.9,2788
2019/6/10 12:31,134.91,134.91,134.8925,134.91,6131
2019/6/10 12:30,134.975,134.98,134.92,134.92,7140
2019/6/10 12:29,134.98,134.985,134.97,134.9767,1952
2019/6/10 12:28,135.02,135.03,134.98,134.985,6302
2019/6/10 12:27,135.02,135.04,135.02,135.0267,2857
2019/6/10 12:26,135.02,135.03,135.009,135.02,9837
2019/6/10 12:25,135.01,135.01,134.99,135.01,14597
2019/6/10 12:24,135.05,135.05,135,135,3291
2019/6/10 12:23,135.04,135.08,135.04,135.05,4732
2019/6/10 12:22,135.1,135.1,135.03,135.05,7768
2019/6/10 12:21,135.08,135.0939,135.07,135.0939,7482
2019/6/10 12:20,135.09,135.1,135.07,135.08,8899
2019/6/10 12:19,135.1,135.105,135.09,135.095,8445
2019/6/10 12:18,135.14,135.15,135.1,135.105,7057
2019/6/10 12:17,135.14,135.16,135.14,135.16,1924
2019/6/10 12:16,135.12,135.13,135.12,135.13,4446
2019/6/10 12:15,135.12,135.12,135.11,135.12,1634
2019/6/10 12:14,135.09,135.11,135.09,135.11,3384
2019/6/10 12:13,135.12,135.12,135.09,135.1,3895
2019/6/10 12:12,135.11,135.11,135.08,135.11,3814
2019/6/10 12:11,135.06,135.1,135.03,135.1,19558
2019/6/10 12:10,135.1,135.1,135.04,135.04,3189
2019/6/10 12:09,135.105,135.11,135.09,135.1,5969
2019/6/10 12:08,135.16,135.16,135.1137,135.1137,3313
2019/6/10 12:07,135.1981,135.1981,135.1206,135.16,6398
2019/6/10 12:06,135.19,135.19,135.17,135.19,2535
2019/6/10 12:05,135.2,135.2101,135.19,135.2,2538
2019/6/10 12:04,135.18,135.21,135.18,135.2,3624
2019/6/10 12:03,135.15,135.18,135.14,135.1799,3922
2019/6/10 12:02,135.14,135.18,135.14,135.17,5131
2019/6/10 12:01,135.21,135.21,135.16,135.16,1435
2019/6/10 12:00,135.28,135.29,135.2373,135.2373,5748
2019/6/10 11:59,135.28,135.29,135.22,135.27,5643
2019/6/10 11:58,135.27,135.27,135.26,135.26,11795
2019/6/10 11:57,135.29,135.31,135.2895,135.2895,2149
2019/6/10 11:56,135.2994,135.31,135.27,135.31,2711
2019/6/10 11:55,135.31,135.31,135.27,135.3,4538
2019/6/10 11:54,135.3275,135.33,135.32,135.32,2970
2019/6/10 11:53,135.3,135.32,135.29,135.32,5390
2019/6/10 11:52,135.31,135.32,135.3,135.3153,4439
2019/6/10 11:51,135.3,135.3258,135.3,135.3258,1451
2019/6/10 11:50,135.28,135.28,135.25,135.28,3743
2019/6/10 11:49,135.28,135.31,135.28,135.29,3297
2019/6/10 11:48,135.3,135.3,135.2595,135.27,3204
2019/6/10 11:47,135.29,135.3,135.28,135.3,2767
2019/6/10 11:46,135.29,135.3526,135.27,135.27,6238
2019/6/10 11:45,135.23,135.3,135.22,135.28,15209
2019/6/10 11:44,135.22,135.25,135.22,135.22,4117
2019/6/10 11:43,135.22,135.24,135.1584,135.22,6272
2019/6/10 11:42,135.2,135.22,135.2,135.21,4664
2019/6/10 11:41,135.09,135.21,135.09,135.21,4028
2019/6/10 11:40,135.02,135.1,135.02,135.09,5767
2019/6/10 11:39,135.05,135.05,135,135.01,4102
2019/6/10 11:38,135.08,135.0936,135.07,135.07,2672
2019/6/10 11:37,135.13,135.13,135.06,135.08,4105
2019/6/10 11:36,135.15,135.17,135.1315,135.1315,3605
2019/6/10 11:35,135.17,135.18,135.12,135.15,5128
2019/6/10 11:34,135.235,135.24,135.2,135.2,4301
2019/6/10 11:33,135.14,135.24,135.14,135.23,7182
2019/6/10 11:32,135.18,135.18,135.15,135.17,3635
2019/6/10 11:31,135.17,135.21,135.16,135.1875,4160
2019/6/10 11:30,135.2,135.22,135.16,135.16,5017
2019/6/10 11:29,135.14,135.205,135.14,135.179,5028
2019/6/10 11:28,135.19,135.22,135.12,135.13,5772
2019/6/10 11:27,135.19,135.19,135.17,135.1807,3472
2019/6/10 11:26,135.18,135.1941,135.18,135.19,3104
2019/6/10 11:25,135.25,135.25,135.17,135.17,3966
2019/6/10 11:24,135.14,135.22,135.14,135.201,5008
2019/6/10 11:23,135.17,135.18,135.1414,135.15,3958
2019/6/10 11:22,135.16,135.16,135.1293,135.15,4651
2019/6/10 11:21,135.2,135.2,135.15,135.18,6149
2019/6/10 11:20,135.22,135.25,135.2,135.2,6876
2019/6/10 11:19,135.21,135.23,135.195,135.22,5659
2019/6/10 11:18,135.1236,135.25,135.12,135.22,13404
2019/6/10 11:17,135.19,135.19,135.14,135.14,7333
2019/6/10 11:16,135.17,135.17,135.16,135.1601,468
2019/6/10 11:15,135.1956,135.2,135.14,135.16,3942
2019/6/10 11:14,135.21,135.23,135.1825,135.19,3296
2019/6/10 11:13,135.24,135.24,135.2,135.21,1999
2019/6/10 11:12,135.236,135.27,135.22,135.2444,3165
2019/6/10 11:11,135.21,135.28,135.2,135.2229,5749
2019/6/10 11:10,135.25,135.25,135.1701,135.19,10662
2019/6/10 11:09,135.08,135.22,135.08,135.2,17030
2019/6/10 11:08,135.0379,135.065,135.02,135.065,5421
2019/6/10 11:07,134.96,135.05,134.96,135.05,2034
2019/6/10 11:06,134.99,134.99,134.88,134.97,18436
2019/6/10 11:05,135.05,135.075,135.02,135.02,4131
2019/6/10 11:04,135.029,135.08,135.02,135.05,3951
2019/6/10 11:03,135.0203,135.065,135.02,135.03,4080
2019/6/10 11:02,135.02,135.0399,134.985,135.0208,4656
2019/6/10 11:01,134.84,135,134.84,135,5505
2019/6/10 11:00,134.88,134.88,134.84,134.85,2912
2019/6/10 10:59,134.85,134.88,134.85,134.87,3322
2019/6/10 10:58,134.94,134.94,134.85,134.85,4586
2019/6/10 10:57,134.92,134.97,134.915,134.95,4053
2019/6/10 10:56,134.9,134.92,134.89,134.89,5113
2019/6/10 10:55,134.9,134.94,134.89,134.94,3356
2019/6/10 10:54,134.85,134.88,134.85,134.88,2615
2019/6/10 10:53,134.865,134.865,134.839,134.839,4718
2019/6/10 10:52,134.75,134.86,134.75,134.86,8743
2019/6/10 10:51,134.78,134.78,134.74,134.74,4558
2019/6/10 10:50,134.82,134.83,134.8,134.8,1329
2019/6/10 10:49,134.83,134.85,134.7882,134.8124,8206
2019/6/10 10:48,134.83,134.86,134.8025,134.815,4689
2019/6/10 10:47,134.84,134.88,134.8282,134.857,6036
2019/6/10 10:46,134.86,134.88,134.84,134.84,2400
2019/6/10 10:45,134.86,134.88,134.85,134.87,3295
2019/6/10 10:44,134.85,134.88,134.8302,134.87,6433
2019/6/10 10:43,134.76,134.88,134.76,134.85,6878
2019/6/10 10:42,134.76,134.764,134.74,134.75,5388
2019/6/10 10:41,134.72,134.78,134.69,134.78,4382
2019/6/10 10:40,134.75,134.75,134.7,134.73,5307
2019/6/10 10:39,134.75,134.77,134.6969,134.73,11010
2019/6/10 10:38,134.77,134.82,134.74,134.755,12419
2019/6/10 10:37,134.87,134.87,134.77,134.78,7163
2019/6/10 10:36,134.971,134.971,134.9,134.9,3561
2019/6/10 10:35,134.91,134.99,134.9,134.97,6147
2019/6/10 10:34,134.94,134.94,134.9103,134.9103,4363
2019/6/10 10:33,134.91,134.96,134.9,134.96,4789
2019/6/10 10:32,134.9297,134.95,134.9,134.91,7249
2019/6/10 10:31,135.08,135.08,134.94,134.9425,8554
2019/6/10 10:30,134.97,135.08,134.96,135.08,7661
2019/6/10 10:29,135,135,134.95,134.97,12798
2019/6/10 10:28,135.11,135.11,135.03,135.03,4297
2019/6/10 10:27,135.1,135.14,135.07,135.14,6867
2019/6/10 10:26,135.11,135.19,135.09,135.09,7419
2019/6/10 10:25,135.081,135.11,135.07,135.095,2956
2019/6/10 10:24,135.1,135.11,135.05,135.11,3745
2019/6/10 10:23,135.16,135.17,135.06,135.11,10553
2019/6/10 10:22,135.1167,135.2,135.1167,135.1691,6855
2019/6/10 10:21,135.12,135.12,135.08,135.1116,6100
2019/6/10 10:20,135.1,135.16,135.08,135.11,11563
2019/6/10 10:19,134.94,135.1,134.9,135.07,8986
2019/6/10 10:18,135.03,135.03,134.95,134.95,10520
2019/6/10 10:17,135.02,135.02,135,135.01,3333
2019/6/10 10:16,134.98,135.07,134.98,135.03,7091
2019/6/10 10:15,134.93,135.04,134.93,134.99,18763
2019/6/10 10:14,134.77,134.91,134.75,134.91,6423
2019/6/10 10:13,134.76,134.79,134.69,134.79,6302
2019/6/10 10:12,134.86,134.8672,134.78,134.78,4889
2019/6/10 10:11,134.93,134.98,134.86,134.87,5154
2019/6/10 10:10,134.9,134.93,134.88,134.91,3781
2019/6/10 10:09,134.8899,134.9,134.83,134.89,6187
2019/6/10 10:08,134.78,134.89,134.76,134.89,9883
2019/6/10 10:07,134.72,134.85,134.705,134.78,9318
2019/6/10 10:06,134.7,134.7077,134.69,134.705,2120
2019/6/10 10:05,134.67,134.73,134.65,134.7,15954
2019/6/10 10:04,134.7822,134.7822,134.67,134.7,7604
2019/6/10 10:03,134.82,134.83,134.76,134.7813,6514
2019/6/10 10:02,134.79,134.83,134.78,134.82,16170
2019/6/10 10:01,134.81,134.84,134.73,134.78,6872
2019/6/10 10:00,134.7,134.81,134.69,134.81,5949
2019/6/10 9:59,134.63,134.693,134.63,134.686,5147
2019/6/10 9:58,134.64,134.69,134.62,134.6459,7029
2019/6/10 9:57,134.77,134.8,134.66,134.66,9100
2019/6/10 9:56,134.6695,134.7841,134.6695,134.7841,3186
2019/6/10 9:55,134.58,134.655,134.56,134.655,3435
2019/6/10 9:54,134.57,134.63,134.564,134.59,10805
2019/6/10 9:53,134.64,134.674,134.54,134.54,3116
2019/6/10 9:52,134.48,134.6,134.48,134.6,5860
2019/6/10 9:51,134.5155,134.5155,134.44,134.47,1601
2019/6/10 9:50,134.57,134.59,134.44,134.54,3888
2019/6/10 9:49,134.66,134.681,134.58,134.61,2824
2019/6/10 9:48,134.76,134.78,134.69,134.69,3963
2019/6/10 9:47,134.825,134.86,134.7057,134.73,8304
2019/6/10 9:46,134.73,134.91,134.73,134.78,4633
2019/6/10 9:45,134.7,134.81,134.7,134.74,2619
2019/6/10 9:44,134.63,134.68,134.63,134.68,1659
2019/6/10 9:43,134.66,134.66,134.58,134.66,4878
2019/6/10 9:42,134.685,134.71,134.61,134.68,4622
2019/6/10 9:41,134.4263,134.67,134.4263,134.67,5228
2019/6/10 9:40,134.32,134.47,134.3,134.45,16710
2019/6/10 9:39,134.38,134.41,134.29,134.335,6305
2019/6/10 9:38,134.365,134.4694,134.33,134.33,3604
2019/6/10 9:37,134.475,134.4976,134.33,134.36,2288
2019/6/10 9:36,134.5983,134.5983,134.48,134.48,3132
2019/6/10 9:35,134.28,134.604,134.28,134.604,8803
2019/6/10 9:34,134.26,134.3748,134.26,134.3748,5001
2019/6/10 9:33,134.04,134.3216,133.91,134.3216,5894
2019/6/10 9:32,134.12,134.16,133.96,134.03,13328
2019/6/10 9:31,134.38,134.38,134.0802,134.09,0
2019/6/7 16:00,133.33,133.3999,133.28,133.29,52726
2019/6/7 15:59,133.33,133.36,133.301,133.33,29115
2019/6/7 15:58,133.3,133.36,133.3,133.3399,27189
2019/6/7 15:57,133.295,133.32,133.25,133.295,29586
2019/6/7 15:56,133.39,133.41,133.285,133.295,53648
2019/6/7 15:55,133.375,133.375,133.31,133.35,20061
2019/6/7 15:54,133.36,133.39,133.36,133.375,11126
2019/6/7 15:53,133.33,133.39,133.32,133.36,18317
2019/6/7 15:52,133.37,133.4,133.33,133.33,13320
2019/6/7 15:51,133.4,133.48,133.36,133.36,12160
2019/6/7 15:50,133.38,133.43,133.38,133.4,16973
2019/6/7 15:49,133.35,133.39,133.295,133.385,24767
2019/6/7 15:48,133.37,133.37,133.32,133.35,7778
2019/6/7 15:47,133.315,133.38,133.3,133.38,18535
2019/6/7 15:46,133.39,133.39,133.3,133.305,9153
2019/6/7 15:45,133.48,133.483,133.4,133.4,7087
2019/6/7 15:44,133.53,133.53,133.465,133.465,8822
2019/6/7 15:43,133.48,133.54,133.475,133.52,7278
2019/6/7 15:42,133.46,133.48,133.42,133.47,9023
2019/6/7 15:41,133.48,133.5,133.47,133.47,9773
2019/6/7 15:40,133.51,133.51,133.46,133.48,7712
2019/6/7 15:39,133.49,133.51,133.47,133.51,7505
2019/6/7 15:38,133.49,133.505,133.48,133.49,5685
2019/6/7 15:37,133.52,133.52,133.49,133.5,7201
2019/6/7 15:36,133.565,133.58,133.515,133.515,3277
2019/6/7 15:35,133.52,133.58,133.52,133.56,5927
2019/6/7 15:34,133.5869,133.5869,133.5,133.53,7022
2019/6/7 15:33,133.67,133.67,133.6,133.6,4592
2019/6/7 15:32,133.67,133.69,133.61,133.69,8050
2019/6/7 15:31,133.69,133.73,133.68,133.68,6051
2019/6/7 15:30,133.725,133.73,133.7,133.7,3601
2019/6/7 15:29,133.69,133.73,133.69,133.73,4679
2019/6/7 15:28,133.729,133.74,133.7,133.7,5341
2019/6/7 15:27,133.69,133.74,133.68,133.71,5893
2019/6/7 15:26,133.6797,133.7,133.6701,133.69,5085
2019/6/7 15:25,133.67,133.6948,133.65,133.6948,4705
2019/6/7 15:24,133.61,133.68,133.61,133.68,3953
2019/6/7 15:23,133.57,133.61,133.56,133.61,3640
2019/6/7 15:22,133.56,133.59,133.55,133.5558,4592
2019/6/7 15:21,133.565,133.565,133.5,133.55,4860
2019/6/7 15:20,133.57,133.5806,133.5432,133.55,3615
2019/6/7 15:19,133.62,133.62,133.56,133.57,6031
2019/6/7 15:18,133.58,133.61,133.57,133.595,4877
2019/6/7 15:17,133.63,133.64,133.59,133.59,2869
2019/6/7 15:16,133.65,133.65,133.62,133.64,2610
2019/6/7 15:15,133.62,133.67,133.62,133.67,2293
2019/6/7 15:14,133.65,133.66,133.59,133.615,7912
2019/6/7 15:13,133.64,133.67,133.64,133.65,2120
2019/6/7 15:12,133.58,133.65,133.58,133.63,5343
2019/6/7 15:11,133.6,133.61,133.55,133.55,3314
2019/6/7 15:10,133.63,133.63,133.59,133.6,2993
2019/6/7 15:09,133.59,133.62,133.57,133.62,5719
2019/6/7 15:08,133.64,133.64,133.59,133.5902,5366
2019/6/7 15:07,133.61,133.64,133.61,133.64,2827
2019/6/7 15:06,133.64,133.64,133.57,133.59,6742
2019/6/7 15:05,133.66,133.71,133.63,133.63,14759
2019/6/7 15:04,133.67,133.68,133.66,133.66,2828
2019/6/7 15:03,133.69,133.69,133.6402,133.6402,8310
2019/6/7 15:02,133.6,133.68,133.6,133.68,3851
2019/6/7 15:01,133.53,133.5888,133.51,133.5888,6972
2019/6/7 15:00,133.54,133.54,133.48,133.52,4487
2019/6/7 14:59,133.5,133.53,133.48,133.53,3087
2019/6/7 14:58,133.52,133.52,133.51,133.51,2250
2019/6/7 14:57,133.55,133.55,133.5,133.52,4239
2019/6/7 14:56,133.51,133.55,133.49,133.55,7121
2019/6/7 14:55,133.64,133.64,133.54,133.54,5349
2019/6/7 14:54,133.64,133.66,133.61,133.64,3823
2019/6/7 14:53,133.71,133.71,133.64,133.66,3938
2019/6/7 14:52,133.64,133.73,133.64,133.7101,7217
2019/6/7 14:51,133.6045,133.62,133.59,133.61,12364
2019/6/7 14:50,133.75,133.75,133.6,133.62,6800
2019/6/7 14:49,133.8,133.8,133.72,133.76,7729
2019/6/7 14:48,133.84,133.8525,133.8,133.8,6062
2019/6/7 14:47,133.89,133.91,133.84,133.84,4408
2019/6/7 14:46,133.88,133.93,133.87,133.91,4090
2019/6/7 14:45,133.87,133.91,133.86,133.91,3901
2019/6/7 14:44,133.91,133.91,133.85,133.86,3228
2019/6/7 14:43,133.87,133.91,133.87,133.91,3228
2019/6/7 14:42,133.88,133.9,133.88,133.8956,4513
2019/6/7 14:41,133.885,133.9,133.86,133.87,4704
2019/6/7 14:40,133.88,133.9,133.88,133.89,1476
2019/6/7 14:39,133.84,133.86,133.84,133.86,3291
2019/6/7 14:38,133.87,133.88,133.8501,133.8501,2544
2019/6/7 14:37,133.85,133.88,133.84,133.88,1456
2019/6/7 14:36,133.85,133.87,133.83,133.8501,4438
2019/6/7 14:35,133.79,133.86,133.79,133.8548,7642
2019/6/7 14:34,133.81,133.81,133.77,133.77,1166
2019/6/7 14:33,133.83,133.8431,133.81,133.83,3282
2019/6/7 14:32,133.81,133.81,133.79,133.81,2475
2019/6/7 14:31,133.8169,133.85,133.8169,133.82,2673
2019/6/7 14:30,133.8,133.83,133.77,133.825,6705
2019/6/7 14:29,133.84,133.84,133.8,133.8,1498
2019/6/7 14:28,133.87,133.88,133.84,133.87,2236
2019/6/7 14:27,133.88,133.88,133.86,133.865,1696
2019/6/7 14:26,133.9394,133.9394,133.88,133.91,2589
2019/6/7 14:25,133.85,133.92,133.85,133.92,2675
2019/6/7 14:24,133.86,133.86,133.83,133.845,4438
2019/6/7 14:23,133.81,133.85,133.81,133.85,2265
2019/6/7 14:22,133.81,133.83,133.8,133.82,2034
2019/6/7 14:21,133.86,133.86,133.82,133.82,3943
2019/6/7 14:20,133.85,133.86,133.85,133.85,1024
2019/6/7 14:19,133.83,133.86,133.83,133.86,3102
2019/6/7 14:18,133.91,133.91,133.85,133.85,2312
2019/6/7 14:17,133.82,133.91,133.82,133.91,3680
2019/6/7 14:16,133.81,133.8376,133.81,133.835,2449
2019/6/7 14:15,133.815,133.84,133.8,133.8,3088
2019/6/7 14:14,133.82,133.82,133.75,133.81,6993
2019/6/7 14:13,133.78,133.79,133.76,133.79,2835
2019/6/7 14:12,133.79,133.806,133.76,133.806,2540
2019/6/7 14:11,133.79,133.83,133.79,133.81,2423
2019/6/7 14:10,133.79,133.81,133.76,133.79,3797
2019/6/7 14:09,133.76,133.77,133.75,133.76,3776
2019/6/7 14:08,133.8,133.8,133.77,133.775,1848
2019/6/7 14:07,133.83,133.85,133.81,133.81,3150
2019/6/7 14:06,133.84,133.84,133.817,133.817,1808
2019/6/7 14:05,133.85,133.89,133.83,133.86,2718
2019/6/7 14:04,133.82,133.82,133.82,133.82,4101
2019/6/7 14:03,133.88,133.8804,133.86,133.8804,1446
2019/6/7 14:02,133.893,133.9,133.8601,133.89,4897
2019/6/7 14:01,133.9,133.9,133.88,133.88,733
2019/6/7 14:00,133.92,133.94,133.9,133.92,3466
2019/6/7 13:59,133.88,133.94,133.87,133.92,6189
2019/6/7 13:58,133.89,133.9,133.84,133.88,2991
2019/6/7 13:57,133.84,133.9,133.84,133.9,4283
2019/6/7 13:56,133.87,133.874,133.8542,133.8542,1883
2019/6/7 13:55,133.89,133.89,133.855,133.86,2484
2019/6/7 13:54,133.92,133.92,133.88,133.88,9367
2019/6/7 13:53,133.91,133.92,133.86,133.91,2251
2019/6/7 13:52,133.87,133.91,133.87,133.91,2436
2019/6/7 13:51,133.92,133.93,133.88,133.89,2029
2019/6/7 13:50,133.91,133.92,133.89,133.89,3007
2019/6/7 13:49,133.93,133.97,133.9,133.92,3646
2019/6/7 13:48,133.93,133.93,133.9,133.9,1203
2019/6/7 13:47,133.94,133.96,133.93,133.96,2692
2019/6/7 13:46,133.99,134.01,133.92,133.92,1597
2019/6/7 13:45,133.94,134.01,133.94,134.01,2904
2019/6/7 13:44,133.945,134.01,133.9,133.92,8378
2019/6/7 13:43,133.95,133.96,133.94,133.95,3191
2019/6/7 13:42,134.0199,134.0199,133.95,133.95,2203
2019/6/7 13:41,134.02,134.03,134.01,134.02,2487
2019/6/7 13:40,134.02,134.0301,134.0052,134.02,4502
2019/6/7 13:39,133.94,134.02,133.94,134.02,3914
2019/6/7 13:38,133.93,133.97,133.925,133.94,2779
2019/6/7 13:37,133.88,133.92,133.88,133.92,1880
2019/6/7 13:36,133.87,133.92,133.87,133.9005,3256
2019/6/7 13:35,133.85,133.9037,133.85,133.8825,2225
2019/6/7 13:34,133.8616,133.89,133.86,133.86,3969
2019/6/7 13:33,133.85,133.88,133.83,133.88,1563
2019/6/7 13:32,133.77,133.83,133.76,133.83,2364
2019/6/7 13:31,133.7717,133.81,133.76,133.77,3185
2019/6/7 13:30,133.7721,133.79,133.75,133.75,4331
2019/6/7 13:29,133.75,133.79,133.75,133.78,1759
2019/6/7 13:28,133.78,133.82,133.77,133.77,3967
2019/6/7 13:27,133.74,133.78,133.72,133.76,2010
2019/6/7 13:26,133.767,133.78,133.75,133.77,2268
2019/6/7 13:25,133.75,133.79,133.69,133.75,3052
2019/6/7 13:24,133.78,133.78,133.71,133.76,2559
2019/6/7 13:23,133.88,133.89,133.8,133.8,5148
2019/6/7 13:22,133.92,133.92,133.88,133.91,2691
2019/6/7 13:21,133.87,133.93,133.87,133.93,2593
2019/6/7 13:20,133.9,133.93,133.89,133.89,3237
2019/6/7 13:19,133.91,133.9111,133.87,133.8904,2178
2019/6/7 13:18,133.79,133.93,133.79,133.93,3467
2019/6/7 13:17,133.83,133.83,133.76,133.78,3741
2019/6/7 13:16,133.88,133.88,133.8,133.8,3338
2019/6/7 13:15,133.8408,133.89,133.82,133.89,2867
2019/6/7 13:14,133.82,133.84,133.8087,133.8328,4040
2019/6/7 13:13,133.82,133.835,133.8,133.81,2292
2019/6/7 13:12,133.86,133.89,133.8348,133.8348,1969
2019/6/7 13:11,133.8461,133.86,133.8,133.86,3553
2019/6/7 13:10,133.89,133.91,133.85,133.85,4907
2019/6/7 13:09,133.93,133.93,133.89,133.9,1902
2019/6/7 13:08,133.9305,133.94,133.93,133.93,715
2019/6/7 13:07,133.95,133.97,133.93,133.93,2504
2019/6/7 13:06,133.97,133.99,133.94,133.96,2266
2019/6/7 13:05,134.02,134.03,133.98,133.98,1859
2019/6/7 13:04,133.99,134.03,133.9775,134.03,3938
2019/6/7 13:03,133.98,133.98,133.94,133.97,2343
2019/6/7 13:02,133.97,133.99,133.96,133.99,1824
2019/6/7 13:01,133.97,133.9909,133.96,133.98,4362
2019/6/7 13:00,133.92,133.97,133.92,133.95,3007
2019/6/7 12:59,133.895,133.9,133.85,133.9,2653
2019/6/7 12:58,133.8,133.895,133.79,133.895,7766
2019/6/7 12:57,133.81,133.82,133.775,133.79,2318
2019/6/7 12:56,133.71,133.82,133.7085,133.8,7263
2019/6/7 12:55,133.75,133.75,133.7,133.7004,1952
2019/6/7 12:54,133.7499,133.77,133.7368,133.75,3025
2019/6/7 12:53,133.7576,133.76,133.68,133.73,5009
2019/6/7 12:52,133.79,133.83,133.76,133.76,2940
2019/6/7 12:51,133.81,133.82,133.8,133.8,4035
2019/6/7 12:50,133.78,133.82,133.77,133.8,1399
2019/6/7 12:49,133.77,133.8,133.75,133.77,2840
2019/6/7 12:48,133.7705,133.78,133.76,133.76,1565
2019/6/7 12:47,133.79,133.795,133.7605,133.7605,1817
2019/6/7 12:46,133.835,133.84,133.78,133.78,2092
2019/6/7 12:45,133.85,133.85,133.83,133.83,2303
2019/6/7 12:44,133.81,133.85,133.81,133.84,2082
2019/6/7 12:43,133.76,133.82,133.76,133.7965,3554
2019/6/7 12:42,133.74,133.8,133.74,133.77,2690
2019/6/7 12:41,133.65,133.74,133.6434,133.73,6203
2019/6/7 12:40,133.63,133.67,133.58,133.67,2265
2019/6/7 12:39,133.67,133.7,133.64,133.67,4809
2019/6/7 12:38,133.66,133.66,133.6,133.635,2217
2019/6/7 12:37,133.81,133.82,133.7,133.7009,3887
2019/6/7 12:36,133.82,133.84,133.82,133.82,1795
2019/6/7 12:35,133.82,133.83,133.815,133.83,3502
2019/6/7 12:34,133.86,133.86,133.79,133.81,3417
2019/6/7 12:33,133.86,133.86,133.84,133.84,1439
2019/6/7 12:32,133.84,133.87,133.81,133.87,10697
2019/6/7 12:31,133.87,133.87,133.84,133.86,3312
2019/6/7 12:30,133.85,133.88,133.85,133.85,2471
2019/6/7 12:29,133.87,133.87,133.85,133.85,1935
2019/6/7 12:28,133.8275,133.88,133.8275,133.88,1293
2019/6/7 12:27,133.95,133.95,133.88,133.9,5996
2019/6/7 12:26,133.865,133.94,133.86,133.94,3689
2019/6/7 12:25,133.8,133.88,133.8,133.88,9667
2019/6/7 12:24,133.71,133.8,133.67,133.78,4776
2019/6/7 12:23,133.69,133.72,133.68,133.71,3813
2019/6/7 12:22,133.6593,133.68,133.6593,133.68,3733
2019/6/7 12:21,133.64,133.67,133.64,133.65,2011
2019/6/7 12:20,133.74,133.79,133.59,133.6,28853
2019/6/7 12:19,133.71,133.75,133.71,133.75,1723
2019/6/7 12:18,133.71,133.7649,133.705,133.76,6350
2019/6/7 12:17,133.74,133.74,133.7,133.7,1850
2019/6/7 12:16,133.78,133.79,133.73,133.73,2972
2019/6/7 12:15,133.81,133.81,133.77,133.78,2866
2019/6/7 12:14,133.82,133.83,133.8,133.83,2905
2019/6/7 12:13,133.81,133.82,133.8,133.82,1120
2019/6/7 12:12,133.75,133.815,133.75,133.8,6571
2019/6/7 12:11,133.71,133.73,133.68,133.73,2134
2019/6/7 12:10,133.71,133.75,133.7,133.7,2594
2019/6/7 12:09,133.67,133.73,133.67,133.72,6125
2019/6/7 12:08,133.64,133.66,133.6301,133.66,1423
2019/6/7 12:07,133.663,133.67,133.65,133.65,1936
2019/6/7 12:06,133.63,133.7,133.63,133.67,4203
2019/6/7 12:05,133.62,133.64,133.61,133.6275,2996
2019/6/7 12:04,133.67,133.7,133.64,133.64,2935
2019/6/7 12:03,133.73,133.73,133.671,133.68,1670
2019/6/7 12:02,133.75,133.75,133.71,133.72,4966
2019/6/7 12:01,133.83,133.83,133.75,133.75,4457
2019/6/7 12:00,133.82,133.8493,133.82,133.8493,2339
2019/6/7 11:59,133.84,133.84,133.81,133.825,2137
2019/6/7 11:58,133.88,133.88,133.84,133.87,840
2019/6/7 11:57,133.86,133.905,133.84,133.88,4871
2019/6/7 11:56,133.87,133.9,133.86,133.86,3344
2019/6/7 11:55,133.89,133.9,133.84,133.84,4542
2019/6/7 11:54,133.969,133.97,133.9,133.9236,3736
2019/6/7 11:53,133.99,133.99,133.9598,133.98,2904
2019/6/7 11:52,133.97,134.02,133.95,134.01,4278
2019/6/7 11:51,133.9999,133.9999,133.96,133.9647,1316
2019/6/7 11:50,133.98,133.99,133.95,133.97,4342
2019/6/7 11:49,133.94,133.98,133.9137,133.9604,5408
2019/6/7 11:48,133.88,133.95,133.88,133.91,4946
2019/6/7 11:47,133.9401,133.9401,133.89,133.9075,2549
2019/6/7 11:46,134.03,134.03,133.94,133.94,2232
2019/6/7 11:45,134.11,134.14,134.01,134.0405,6719
2019/6/7 11:44,134.09,134.09,134.03,134.07,3571
2019/6/7 11:43,134.04,134.1,134.0381,134.0611,7501
2019/6/7 11:42,133.98,134.07,133.98,134.02,4985
2019/6/7 11:41,133.82,133.98,133.82,133.98,5771
2019/6/7 11:40,133.74,133.8,133.74,133.8,5771
2019/6/7 11:39,133.74,133.77,133.71,133.77,4716
2019/6/7 11:38,133.78,133.79,133.72,133.72,9644
2019/6/7 11:37,133.73,133.77,133.7133,133.765,5077
2019/6/7 11:36,133.8,133.825,133.74,133.74,4330
2019/6/7 11:35,133.82,133.82,133.67,133.76,6254
2019/6/7 11:34,133.82,133.83,133.79,133.82,4114
2019/6/7 11:33,133.785,133.82,133.745,133.79,6637
2019/6/7 11:32,133.8622,133.89,133.792,133.7926,8414
2019/6/7 11:31,133.78,133.86,133.78,133.86,6852
2019/6/7 11:30,133.79,133.82,133.72,133.79,9286
2019/6/7 11:29,133.85,133.87,133.765,133.795,5371
2019/6/7 11:28,133.9064,133.91,133.86,133.86,8387
2019/6/7 11:27,133.95,133.97,133.91,133.91,6608
2019/6/7 11:26,134.05,134.06,133.96,133.97,4795
2019/6/7 11:25,134.09,134.09,134.0197,134.03,2680
2019/6/7 11:24,134.15,134.15,134.1,134.1,3599
2019/6/7 11:23,134.2,134.2,134.12,134.13,9774
2019/6/7 11:22,134.22,134.24,134.19,134.2,4738
2019/6/7 11:21,134.18,134.23,134.18,134.23,4094
2019/6/7 11:20,134.2,134.22,134.1868,134.21,4330
2019/6/7 11:19,134.1938,134.2,134.16,134.18,3308
2019/6/7 11:18,134.18,134.2,134.14,134.2,3187
2019/6/7 11:17,134.13,134.22,134.13,134.18,5970
2019/6/7 11:16,134.08,134.11,134.04,134.11,5354
2019/6/7 11:15,134.04,134.11,134.04,134.07,2913
2019/6/7 11:14,134.13,134.1306,134.04,134.04,5701
2019/6/7 11:13,134.16,134.16,134.09,134.11,2536
2019/6/7 11:12,134.2201,134.25,134.16,134.16,8321
2019/6/7 11:11,134.16,134.21,134.14,134.21,5651
2019/6/7 11:10,134.22,134.22,134.175,134.175,2092
2019/6/7 11:09,134.21,134.26,134.15,134.2,6209
2019/6/7 11:08,134.26,134.26,134.18,134.19,5794
2019/6/7 11:07,134.35,134.35,134.23,134.265,6512
2019/6/7 11:06,134.41,134.41,134.33,134.34,6604
2019/6/7 11:05,134.525,134.525,134.41,134.41,9232
2019/6/7 11:04,134.66,134.66,134.54,134.54,4023
2019/6/7 11:03,134.65,134.72,134.63,134.66,5008
2019/6/7 11:02,134.59,134.67,134.59,134.67,5540
2019/6/7 11:01,134.59,134.61,134.56,134.56,6436
2019/6/7 11:00,134.63,134.64,134.49,134.6,3612
2019/6/7 10:59,134.57,134.65,134.56,134.63,7797
2019/6/7 10:58,134.51,134.58,134.51,134.54,3672
2019/6/7 10:57,134.51,134.56,134.45,134.49,5290
2019/6/7 10:56,134.435,134.495,134.4,134.495,11004
2019/6/7 10:55,134.49,134.49,134.425,134.435,3277
2019/6/7 10:54,134.44,134.55,134.44,134.54,6384
2019/6/7 10:53,134.37,134.47,134.3675,134.44,6588
2019/6/7 10:52,134.3,134.39,134.26,134.37,9279
2019/6/7 10:51,134.32,134.35,134.3,134.301,2773
2019/6/7 10:50,134.337,134.337,134.25,134.3,2711
2019/6/7 10:49,134.45,134.48,134.32,134.33,4544
2019/6/7 10:48,134.5,134.5,134.41,134.4372,6276
2019/6/7 10:47,134.34,134.49,134.3175,134.48,10691
2019/6/7 10:46,134.25,134.305,134.24,134.295,12413
2019/6/7 10:45,134.3143,134.315,134.29,134.3,3470
2019/6/7 10:44,134.25,134.33,134.25,134.3,5131
2019/6/7 10:43,134.35,134.35,134.27,134.27,4601
2019/6/7 10:42,134.39,134.39,134.32,134.35,7709
2019/6/7 10:41,134.3301,134.39,134.33,134.38,4953
2019/6/7 10:40,134.29,134.36,134.27,134.36,4032
2019/6/7 10:39,134.31,134.4,134.27,134.27,7210
2019/6/7 10:38,134.26,134.31,134.26,134.295,5175
2019/6/7 10:37,134.275,134.31,134.26,134.2698,7264
2019/6/7 10:36,134.22,134.28,134.21,134.25,4154
2019/6/7 10:35,134.097,134.21,134.07,134.2,5655
2019/6/7 10:34,134.175,134.18,134.08,134.08,6943
2019/6/7 10:33,134.1074,134.18,134.1074,134.17,4020
2019/6/7 10:32,133.9801,134.11,133.98,134.11,10370
2019/6/7 10:31,133.93,134.02,133.93,133.99,7729
2019/6/7 10:30,133.94,133.96,133.89,133.91,3069
2019/6/7 10:29,133.8297,133.94,133.8297,133.9354,4488
2019/6/7 10:28,133.7584,133.84,133.7584,133.82,3158
2019/6/7 10:27,133.74,133.77,133.74,133.76,2566
2019/6/7 10:26,133.76,133.76,133.73,133.7416,3252
2019/6/7 10:25,133.7106,133.81,133.69,133.76,5825
2019/6/7 10:24,133.64,133.74,133.64,133.72,3359
2019/6/7 10:23,133.71,133.73,133.65,133.665,5043
2019/6/7 10:22,133.62,133.68,133.62,133.68,1129
2019/6/7 10:21,133.67,133.67,133.63,133.63,852
2019/6/7 10:20,133.59,133.6518,133.59,133.6335,3887
2019/6/7 10:19,133.66,133.6767,133.58,133.624,3428
2019/6/7 10:18,133.64,133.69,133.64,133.685,771
2019/6/7 10:17,133.75,133.75,133.64,133.675,2091
2019/6/7 10:16,133.75,133.8095,133.7464,133.75,2774
2019/6/7 10:15,133.67,133.77,133.67,133.75,4800
2019/6/7 10:14,133.67,133.71,133.67,133.67,1928
2019/6/7 10:13,133.77,133.77,133.71,133.73,2265
2019/6/7 10:12,133.88,133.88,133.77,133.77,3708
2019/6/7 10:11,134.03,134.05,133.89,133.89,9128
2019/6/7 10:10,134.0369,134.04,133.99,133.99,2772
2019/6/7 10:09,134.01,134.06,133.96,134.01,8456
2019/6/7 10:08,134.0463,134.0529,134,134.03,5960
2019/6/7 10:07,134.21,134.22,134.05,134.05,8860
2019/6/7 10:06,134.16,134.25,134.16,134.23,9222
2019/6/7 10:05,134.11,134.16,134.0906,134.13,4155
2019/6/7 10:04,133.93,134.13,133.91,134.13,11920
2019/6/7 10:03,133.9399,133.96,133.88,133.96,5111
2019/6/7 10:02,133.9,133.9308,133.9,133.9265,5626
2019/6/7 10:01,133.9207,133.95,133.91,133.91,4003
2019/6/7 10:00,133.8172,133.99,133.8,133.88,9584
2019/6/7 9:59,133.72,133.85,133.7091,133.8,5583
2019/6/7 9:58,133.51,133.74,133.5,133.7,9835
2019/6/7 9:57,133.485,133.545,133.46,133.5274,6536
2019/6/7 9:56,133.53,133.53,133.45,133.455,2624
2019/6/7 9:55,133.64,133.68,133.55,133.55,4701
2019/6/7 9:54,133.53,133.65,133.53,133.65,7182
2019/6/7 9:53,133.67,133.67,133.53,133.55,5480
2019/6/7 9:52,133.61,133.635,133.57,133.635,2137
2019/6/7 9:51,133.67,133.67,133.58,133.58,6967
2019/6/7 9:50,133.55,133.64,133.51,133.64,3662
2019/6/7 9:49,133.64,133.64,133.47,133.5312,8450
2019/6/7 9:48,133.74,133.77,133.66,133.7,4478
2019/6/7 9:47,133.51,133.8,133.51,133.74,13058
2019/6/7 9:46,133.48,133.53,133.39,133.5,7342
2019/6/7 9:45,133.505,133.6,133.49,133.49,11059
2019/6/7 9:44,133.5,133.526,133.46,133.4985,7605
2019/6/7 9:43,133.43,133.5107,133.3824,133.455,5437
2019/6/7 9:42,133.59,133.6008,133.47,133.47,5570
2019/6/7 9:41,133.65,133.66,133.5,133.52,7525
2019/6/7 9:40,133.605,133.65,133.53,133.65,4939
2019/6/7 9:39,133.4991,133.6,133.49,133.6,9288
2019/6/7 9:38,133.22,133.6,133.22,133.55,10028
2019/6/7 9:37,132.925,133.18,132.9035,133.18,11645
2019/6/7 9:36,132.8834,132.98,132.87,132.92,2578
2019/6/7 9:35,132.535,132.94,132.5,132.91,10907
2019/6/7 9:34,132.61,132.67,132.48,132.49,6915
2019/6/7 9:33,132.44,132.67,132.43,132.67,10417
2019/6/7 9:32,132.506,132.5372,132.21,132.5372,12627
2019/6/7 9:31,132.47,132.64,132.27,132.525,68708
2019/6/6 16:00,132.19,132.25,132.1,132.25,77638
2019/6/6 15:59,132.21,132.24,132.18,132.2,27926
2019/6/6 15:58,132.205,132.25,132.18,132.2001,31768
2019/6/6 15:57,132.25,132.25,132.17,132.2,24494
2019/6/6 15:56,132.26,132.3,132.22,132.26,23040
2019/6/6 15:55,132.32,132.32,132.21,132.25,19633
2019/6/6 15:54,132.445,132.45,132.33,132.33,13218
2019/6/6 15:53,132.49,132.53,132.44,132.45,14699
2019/6/6 15:52,132.54,132.54,132.47,132.47,11287
2019/6/6 15:51,132.46,132.55,132.45,132.54,22748
2019/6/6 15:50,132.41,132.48,132.4,132.47,7278
2019/6/6 15:49,132.36,132.44,132.34,132.42,10839
2019/6/6 15:48,132.36,132.39,132.34,132.37,9902
2019/6/6 15:47,132.4,132.43,132.35,132.36,8579
2019/6/6 15:46,132.365,132.43,132.36,132.4,8356
2019/6/6 15:45,132.41,132.455,132.37,132.38,8822
2019/6/6 15:44,132.46,132.46,132.38,132.4,7007
2019/6/6 15:43,132.48,132.5,132.44,132.4466,5833
2019/6/6 15:42,132.48,132.51,132.46,132.5,6956
2019/6/6 15:41,132.51,132.55,132.48,132.48,6359
2019/6/6 15:40,132.59,132.59,132.47,132.51,14741
2019/6/6 15:39,132.6,132.65,132.5803,132.61,4337
2019/6/6 15:38,132.57,132.61,132.53,132.58,9331
2019/6/6 15:37,132.54,132.58,132.52,132.57,7113
2019/6/6 15:36,132.58,132.59,132.5,132.53,11022
2019/6/6 15:35,132.48,132.63,132.48,132.61,12092
2019/6/6 15:34,132.32,132.47,132.32,132.47,8515
2019/6/6 15:33,132.265,132.29,132.26,132.29,3211
2019/6/6 15:32,132.24,132.3,132.23,132.27,5533
2019/6/6 15:31,132.24,132.25,132.21,132.23,7466
2019/6/6 15:30,132.24,132.29,132.23,132.24,14142
2019/6/6 15:29,132.27,132.27,132.23,132.23,4885
2019/6/6 15:28,132.28,132.28,132.2451,132.27,8288
2019/6/6 15:27,132.28,132.3,132.27,132.28,2053
2019/6/6 15:26,132.28,132.3,132.28,132.29,3274
2019/6/6 15:25,132.275,132.29,132.27,132.29,2924
2019/6/6 15:24,132.26,132.28,132.26,132.28,2467
2019/6/6 15:23,132.23,132.2755,132.23,132.24,3709
2019/6/6 15:22,132.23,132.24,132.2,132.22,2111
2019/6/6 15:21,132.23,132.25,132.21,132.22,3939
2019/6/6 15:20,132.19,132.26,132.156,132.23,7347
2019/6/6 15:19,132.14,132.1822,132.14,132.1822,1905
2019/6/6 15:18,132.07,132.13,132.07,132.12,3159
2019/6/6 15:17,132.08,132.1,132.07,132.08,10212
2019/6/6 15:16,132.024,132.07,132.024,132.07,2735
2019/6/6 15:15,132.05,132.06,132.03,132.05,2880
2019/6/6 15:14,132.061,132.061,132.04,132.05,3586
2019/6/6 15:13,132.08,132.0869,132.063,132.07,2137
2019/6/6 15:12,132.08,132.1,132.06,132.08,2889
2019/6/6 15:11,132.04,132.09,132.03,132.09,4734
2019/6/6 15:10,131.99,132,131.95,132,2708
2019/6/6 15:09,131.9973,132.04,131.9901,131.9901,4963
2019/6/6 15:08,131.91,132,131.91,132,2042
2019/6/6 15:07,131.95,131.96,131.92,131.92,2953
2019/6/6 15:06,131.96,131.97,131.9364,131.94,2895
2019/6/6 15:05,131.96,131.99,131.96,131.98,2610
2019/6/6 15:04,131.9738,131.985,131.93,131.93,2261
2019/6/6 15:03,131.94,131.99,131.905,131.9689,3993
2019/6/6 15:02,131.98,131.98,131.8982,131.93,3737
2019/6/6 15:01,131.92,131.98,131.92,131.97,4616
2019/6/6 15:00,131.9398,131.9398,131.9,131.9102,2009
2019/6/6 14:59,131.85,131.93,131.85,131.93,1948
2019/6/6 14:58,131.88,131.9,131.86,131.88,3151
2019/6/6 14:57,131.86,131.89,131.85,131.89,2013
2019/6/6 14:56,131.84,131.8727,131.84,131.84,4151
2019/6/6 14:55,131.88,131.91,131.87,131.87,4363
2019/6/6 14:54,131.875,131.91,131.8401,131.9,5389
2019/6/6 14:53,131.91,131.93,131.88,131.8851,3271
2019/6/6 14:52,131.89,131.92,131.89,131.91,2910
2019/6/6 14:51,131.94,131.95,131.89,131.91,2762
2019/6/6 14:50,131.97,131.97,131.8961,131.92,4606
2019/6/6 14:49,132.03,132.035,131.95,131.97,10390
2019/6/6 14:48,132.03,132.05,132.01,132.02,3093
2019/6/6 14:47,132.01,132.085,132.01,132.0264,6681
2019/6/6 14:46,132.0297,132.06,132.02,132.02,3162
2019/6/6 14:45,132.01,132.058,132.01,132.04,2096
2019/6/6 14:44,132.09,132.0963,131.98,132.01,3953
2019/6/6 14:43,131.995,132.08,131.995,132.07,5127
2019/6/6 14:42,131.9,131.99,131.9,131.98,2730
2019/6/6 14:41,131.93,131.93,131.87,131.9,1823
2019/6/6 14:40,131.96,131.97,131.93,131.9394,3333
2019/6/6 14:39,131.92,131.97,131.92,131.96,2902
2019/6/6 14:38,131.89,131.92,131.886,131.908,2131
2019/6/6 14:37,131.83,131.88,131.8262,131.86,5695
2019/6/6 14:36,131.97,132.01,131.8567,131.86,5594
2019/6/6 14:35,131.95,132.05,131.895,132.01,11979
2019/6/6 14:34,131.59,131.93,131.59,131.93,25789
2019/6/6 14:33,131.65,131.65,131.6,131.6,2773
2019/6/6 14:32,131.64,131.65,131.63,131.64,1208
2019/6/6 14:31,131.5818,131.64,131.5818,131.64,2592
2019/6/6 14:30,131.5903,131.595,131.575,131.58,2279
2019/6/6 14:29,131.53,131.58,131.52,131.58,1933
2019/6/6 14:28,131.54,131.54,131.52,131.5285,880
2019/6/6 14:27,131.5606,131.57,131.52,131.52,2086
2019/6/6 14:26,131.575,131.58,131.56,131.56,1635
2019/6/6 14:25,131.5735,131.58,131.56,131.56,2798
2019/6/6 14:24,131.6,131.62,131.6,131.6,2742
2019/6/6 14:23,131.6,131.6185,131.6,131.6,1048
2019/6/6 14:22,131.615,131.63,131.61,131.63,1551
2019/6/6 14:21,131.62,131.631,131.62,131.631,4505
2019/6/6 14:19,131.655,131.655,131.655,131.655,3851
2019/6/6 14:17,131.61,131.62,131.6,131.62,6442
2019/6/6 14:15,131.63,131.63,131.6285,131.6285,3693
2019/6/6 14:12,131.64,131.64,131.64,131.64,4322
2019/6/6 14:11,131.55,131.55,131.54,131.55,614
2019/6/6 14:10,131.54,131.54,131.54,131.54,1886
2019/6/6 14:08,131.53,131.53,131.53,131.53,3111
2019/6/6 14:07,131.56,131.56,131.56,131.56,100
2019/6/6 14:06,131.57,131.57,131.57,131.57,4089
2019/6/6 14:04,131.485,131.485,131.485,131.485,3546
2019/6/6 14:02,131.44,131.44,131.42,131.42,7885
2019/6/6 14:00,131.489,131.52,131.48,131.52,2050
2019/6/6 13:59,131.49,131.51,131.48,131.49,1845
2019/6/6 13:58,131.475,131.48,131.47,131.48,1586
2019/6/6 13:57,131.49,131.51,131.485,131.49,2642
2019/6/6 13:56,131.4769,131.48,131.46,131.48,2790
2019/6/6 13:55,131.5,131.5,131.4815,131.4828,1296
2019/6/6 13:54,131.51,131.51,131.49,131.51,2008
2019/6/6 13:53,131.47,131.52,131.47,131.52,2774
2019/6/6 13:52,131.44,131.465,131.44,131.465,2237
2019/6/6 13:51,131.4382,131.45,131.435,131.45,3011
2019/6/6 13:50,131.41,131.44,131.4,131.43,3175
2019/6/6 13:49,131.44,131.44,131.42,131.4236,2666
2019/6/6 13:48,131.44,131.48,131.44,131.47,1900
2019/6/6 13:47,131.46,131.47,131.44,131.44,2553
2019/6/6 13:46,131.44,131.46,131.43,131.45,2118
2019/6/6 13:45,131.4,131.42,131.4,131.41,3195
2019/6/6 13:44,131.435,131.435,131.4,131.405,5171
2019/6/6 13:43,131.42,131.44,131.42,131.43,1471
2019/6/6 13:42,131.43,131.45,131.42,131.44,1982
2019/6/6 13:41,131.41,131.43,131.39,131.41,3565
2019/6/6 13:40,131.46,131.49,131.39,131.42,5168
2019/6/6 13:39,131.4625,131.47,131.44,131.44,2036
2019/6/6 13:38,131.5,131.5045,131.45,131.45,1894
2019/6/6 13:37,131.47,131.51,131.47,131.5,1704
2019/6/6 13:36,131.47,131.5,131.44,131.46,4150
2019/6/6 13:35,131.48,131.4864,131.46,131.47,1135
2019/6/6 13:34,131.47,131.49,131.47,131.47,4167
2019/6/6 13:33,131.4994,131.4994,131.4779,131.4821,2104
2019/6/6 13:32,131.54,131.54,131.5,131.5,1367
2019/6/6 13:31,131.5,131.55,131.49,131.54,4027
2019/6/6 13:30,131.48,131.49,131.47,131.48,4538
2019/6/6 13:29,131.475,131.49,131.47,131.48,1811
2019/6/6 13:28,131.48,131.48,131.46,131.47,974
2019/6/6 13:27,131.43,131.4807,131.43,131.48,2002
2019/6/6 13:26,131.44,131.4453,131.44,131.444,1554
2019/6/6 13:25,131.43,131.45,131.4169,131.45,2569
2019/6/6 13:24,131.41,131.43,131.4,131.43,1951
2019/6/6 13:23,131.42,131.4299,131.41,131.42,3625
2019/6/6 13:22,131.4401,131.4401,131.4,131.42,2541
2019/6/6 13:21,131.46,131.46,131.4,131.43,2982
2019/6/6 13:20,131.48,131.48,131.45,131.45,976
2019/6/6 13:19,131.51,131.51,131.48,131.48,1392
2019/6/6 13:18,131.54,131.54,131.51,131.51,1477
2019/6/6 13:17,131.55,131.57,131.55,131.56,3669
2019/6/6 13:16,131.59,131.6,131.55,131.55,6571
2019/6/6 13:15,131.58,131.61,131.58,131.6,4481
2019/6/6 13:14,131.52,131.55,131.5,131.55,2180
2019/6/6 13:13,131.485,131.53,131.485,131.53,1611
2019/6/6 13:12,131.45,131.4908,131.45,131.48,1686
2019/6/6 13:11,131.48,131.48,131.44,131.46,2138
2019/6/6 13:10,131.47,131.48,131.44,131.48,1942
2019/6/6 13:09,131.46,131.47,131.43,131.47,7814
2019/6/6 13:08,131.48,131.49,131.47,131.48,1631
2019/6/6 13:07,131.52,131.52,131.49,131.49,4160
2019/6/6 13:06,131.54,131.55,131.5223,131.53,2406
2019/6/6 13:05,131.6,131.6,131.56,131.56,2477
2019/6/6 13:04,131.57,131.61,131.57,131.61,3907
2019/6/6 13:03,131.57,131.5735,131.55,131.57,1266
2019/6/6 13:02,131.55,131.56,131.54,131.56,2228
2019/6/6 13:01,131.54,131.54,131.53,131.54,1700
2019/6/6 13:00,131.52,131.53,131.5174,131.53,3374
2019/6/6 12:59,131.56,131.5735,131.51,131.52,9956
2019/6/6 12:58,131.52,131.5631,131.52,131.56,3110
2019/6/6 12:57,131.54,131.54,131.52,131.53,1735
2019/6/6 12:56,131.56,131.56,131.54,131.55,990
2019/6/6 12:55,131.55,131.56,131.53,131.56,2389
2019/6/6 12:54,131.59,131.59,131.55,131.56,2283
2019/6/6 12:53,131.59,131.6,131.58,131.6,1399
2019/6/6 12:52,131.65,131.65,131.59,131.6101,3999
2019/6/6 12:51,131.68,131.68,131.64,131.65,3230
2019/6/6 12:50,131.63,131.7,131.62,131.7,4116
2019/6/6 12:49,131.58,131.65,131.58,131.63,4476
2019/6/6 12:48,131.55,131.58,131.55,131.56,1565
2019/6/6 12:47,131.54,131.55,131.5135,131.535,3032
2019/6/6 12:46,131.52,131.53,131.5,131.53,3143
2019/6/6 12:45,131.47,131.5,131.47,131.5,1378
2019/6/6 12:44,131.47,131.4851,131.46,131.4851,2375
2019/6/6 12:43,131.46,131.47,131.45,131.46,3849
2019/6/6 12:42,131.44,131.45,131.42,131.45,1533
2019/6/6 12:41,131.4229,131.4229,131.42,131.42,553
2019/6/6 12:40,131.4,131.4216,131.3998,131.41,1679
2019/6/6 12:39,131.43,131.45,131.4,131.43,2379
2019/6/6 12:38,131.49,131.49,131.44,131.44,2098
2019/6/6 12:37,131.44,131.46,131.4,131.46,2270
2019/6/6 12:36,131.47,131.48,131.44,131.4542,1583
2019/6/6 12:35,131.46,131.49,131.46,131.48,2577
2019/6/6 12:34,131.45,131.46,131.45,131.4598,2197
2019/6/6 12:33,131.4316,131.458,131.4184,131.44,3289
2019/6/6 12:32,131.37,131.42,131.35,131.42,3539
2019/6/6 12:31,131.4,131.42,131.38,131.38,3851
2019/6/6 12:30,131.42,131.42,131.3722,131.3833,3825
2019/6/6 12:29,131.41,131.41,131.39,131.39,1180
2019/6/6 12:28,131.42,131.42,131.37,131.4,2500
2019/6/6 12:27,131.45,131.48,131.42,131.42,2945
2019/6/6 12:26,131.43,131.43,131.4,131.43,2877
2019/6/6 12:25,131.42,131.42,131.41,131.42,1421
2019/6/6 12:24,131.45,131.45,131.4,131.43,3140
2019/6/6 12:23,131.49,131.5,131.4479,131.4479,3332
2019/6/6 12:22,131.42,131.49,131.42,131.48,3288
2019/6/6 12:21,131.44,131.44,131.41,131.4289,3178
2019/6/6 12:20,131.42,131.44,131.42,131.43,2565
2019/6/6 12:19,131.37,131.42,131.36,131.42,5896
2019/6/6 12:18,131.37,131.37,131.34,131.37,2859
2019/6/6 12:17,131.45,131.453,131.3845,131.4,5942
2019/6/6 12:16,131.45,131.46,131.42,131.46,4673
2019/6/6 12:15,131.42,131.4402,131.41,131.4402,2710
2019/6/6 12:14,131.41,131.435,131.41,131.42,1714
2019/6/6 12:13,131.46,131.47,131.4,131.4,3051
2019/6/6 12:12,131.46,131.4699,131.44,131.44,1238
2019/6/6 12:11,131.44,131.48,131.4,131.402,3062
2019/6/6 12:10,131.48,131.48,131.47,131.47,6815
2019/6/6 12:08,131.42,131.42,131.42,131.42,9016
2019/6/6 12:04,131.3641,131.3641,131.3641,131.3641,5292
2019/6/6 12:02,131.43,131.43,131.38,131.38,1940
2019/6/6 12:01,131.4,131.415,131.38,131.39,2213
2019/6/6 12:00,131.38,131.43,131.37,131.4,2955
2019/6/6 11:59,131.37,131.38,131.37,131.38,1297
2019/6/6 11:58,131.43,131.43,131.37,131.37,3013
2019/6/6 11:57,131.43,131.4543,131.42,131.4265,2535
2019/6/6 11:56,131.45,131.45,131.42,131.43,1748
2019/6/6 11:55,131.48,131.5149,131.47,131.48,4602
2019/6/6 11:54,131.49,131.49,131.4418,131.455,7505
2019/6/6 11:53,131.47,131.51,131.41,131.48,4226
2019/6/6 11:52,131.42,131.48,131.42,131.45,3042
2019/6/6 11:51,131.4,131.445,131.4,131.43,4025
2019/6/6 11:50,131.39,131.39,131.34,131.374,3099
2019/6/6 11:49,131.38,131.44,131.38,131.39,3159
2019/6/6 11:48,131.45,131.45,131.35,131.38,5738
2019/6/6 11:47,131.54,131.54,131.47,131.47,1823
2019/6/6 11:46,131.5242,131.6,131.5242,131.56,3522
2019/6/6 11:45,131.7,131.7,131.5,131.5,10464
2019/6/6 11:44,131.61,131.67,131.61,131.67,1613
2019/6/6 11:43,131.58,131.63,131.58,131.6,3578
2019/6/6 11:42,131.52,131.58,131.52,131.58,4137
2019/6/6 11:41,131.6,131.6,131.5201,131.54,2990
2019/6/6 11:40,131.63,131.67,131.61,131.62,5234
2019/6/6 11:39,131.6,131.64,131.575,131.63,3048
2019/6/6 11:38,131.64,131.64,131.6,131.6,3756
2019/6/6 11:37,131.6729,131.6729,131.63,131.64,2670
2019/6/6 11:36,131.67,131.72,131.6602,131.67,5531
2019/6/6 11:35,131.64,131.65,131.59,131.62,3762
2019/6/6 11:34,131.66,131.67,131.64,131.65,2781
2019/6/6 11:33,131.63,131.66,131.62,131.66,3775
2019/6/6 11:32,131.62,131.63,131.5993,131.63,2215
2019/6/6 11:31,131.53,131.61,131.52,131.6,2345
2019/6/6 11:30,131.53,131.5952,131.53,131.5605,5766
2019/6/6 11:29,131.53,131.54,131.52,131.54,2171
2019/6/6 11:28,131.52,131.52,131.49,131.51,2445
2019/6/6 11:27,131.51,131.55,131.5,131.52,4423
2019/6/6 11:26,131.4693,131.49,131.4693,131.48,2349
2019/6/6 11:25,131.44,131.5,131.44,131.47,3193
2019/6/6 11:24,131.59,131.59,131.44,131.47,4798
2019/6/6 11:23,131.575,131.62,131.575,131.61,7605
2019/6/6 11:22,131.54,131.58,131.54,131.56,3119
2019/6/6 11:21,131.62,131.6399,131.56,131.56,4379
2019/6/6 11:20,131.64,131.6747,131.62,131.62,6155
2019/6/6 11:19,131.62,131.63,131.62,131.63,1035
2019/6/6 11:18,131.58,131.61,131.58,131.59,2396
2019/6/6 11:17,131.64,131.64,131.555,131.5999,3866
2019/6/6 11:16,131.56,131.65,131.54,131.65,3670
2019/6/6 11:15,131.5606,131.5606,131.53,131.545,2578
2019/6/6 11:14,131.5,131.57,131.5,131.57,3729
2019/6/6 11:13,131.473,131.52,131.47,131.5,1839
2019/6/6 11:12,131.49,131.49,131.42,131.47,2739
2019/6/6 11:11,131.48,131.53,131.48,131.5,3302
2019/6/6 11:10,131.46,131.5,131.44,131.49,5875
2019/6/6 11:09,131.41,131.5,131.39,131.5,3834
2019/6/6 11:08,131.35,131.41,131.345,131.41,3970
2019/6/6 11:07,131.25,131.35,131.25,131.35,2704
2019/6/6 11:06,131.3,131.3046,131.255,131.26,3277
2019/6/6 11:05,131.31,131.33,131.3,131.3,2252
2019/6/6 11:04,131.34,131.36,131.32,131.33,2896
2019/6/6 11:03,131.27,131.36,131.27,131.35,2580
2019/6/6 11:02,131.36,131.37,131.275,131.3,5199
2019/6/6 11:01,131.3,131.36,131.27,131.36,3115
2019/6/6 11:00,131.35,131.36,131.3,131.3,4889
2019/6/6 10:59,131.39,131.39,131.34,131.36,2111
2019/6/6 10:58,131.45,131.45,131.36,131.3958,4194
2019/6/6 10:57,131.41,131.4499,131.38,131.43,6394
2019/6/6 10:56,131.455,131.455,131.35,131.37,7442
2019/6/6 10:55,131.44,131.49,131.44,131.45,5325
2019/6/6 10:54,131.46,131.465,131.43,131.45,3501
2019/6/6 10:53,131.52,131.53,131.45,131.47,4514
2019/6/6 10:52,131.52,131.56,131.49,131.52,5200
2019/6/6 10:51,131.5,131.52,131.41,131.49,11970
2019/6/6 10:50,131.46,131.52,131.46,131.52,2072
2019/6/6 10:49,131.43,131.49,131.43,131.46,2220
2019/6/6 10:48,131.41,131.44,131.41,131.415,2302
2019/6/6 10:47,131.43,131.43,131.4,131.42,2827
2019/6/6 10:46,131.44,131.47,131.41,131.41,4167
2019/6/6 10:45,131.52,131.52,131.41,131.42,3426
2019/6/6 10:44,131.39,131.53,131.39,131.52,2482
2019/6/6 10:43,131.38,131.42,131.38,131.4,5337
2019/6/6 10:42,131.24,131.37,131.24,131.37,4961
2019/6/6 10:41,131.3,131.31,131.2,131.21,2286
2019/6/6 10:40,131.2222,131.25,131.2,131.24,2658
2019/6/6 10:39,131.31,131.34,131.22,131.23,5576
2019/6/6 10:38,131.2026,131.34,131.19,131.3,4263
2019/6/6 10:37,131.24,131.24,131.189,131.19,2600
2019/6/6 10:36,131.17,131.25,131.17,131.24,2678
2019/6/6 10:35,131.13,131.21,131.13,131.15,3242
2019/6/6 10:34,131.13,131.15,131.1,131.11,1879
2019/6/6 10:33,131.0695,131.15,131.04,131.1,6682
2019/6/6 10:32,131.035,131.06,130.98,131.06,4031
2019/6/6 10:31,131.08,131.12,131.03,131.06,8493
2019/6/6 10:30,131.12,131.12,131.055,131.06,2858
2019/6/6 10:29,131.21,131.21,131.075,131.11,10540
2019/6/6 10:28,131.22,131.23,131.16,131.2268,2702
2019/6/6 10:27,131.23,131.3,131.203,131.203,5570
2019/6/6 10:26,131.22,131.23,131.17,131.23,2558
2019/6/6 10:25,131.27,131.29,131.2101,131.2101,18803
2019/6/6 10:24,131.23,131.28,131.18,131.28,4451
2019/6/6 10:23,131.26,131.2732,131.22,131.235,12867
2019/6/6 10:21,131.21,131.21,131.21,131.21,18667
2019/6/6 10:19,131.03,131.03,131,131,17479
2019/6/6 10:15,131.0992,131.0992,131.04,131.08,9534
2019/6/6 10:13,131.09,131.1,131.03,131.04,1967
2019/6/6 10:12,131.13,131.13,131.13,131.13,8295
2019/6/6 10:11,131.12,131.12,131.09,131.09,421
2019/6/6 10:10,131.12,131.12,131.12,131.12,11521
2019/6/6 10:09,131.24,131.24,131.19,131.19,929
2019/6/6 10:08,131.205,131.205,131.205,131.205,5399
2019/6/6 10:06,131.42,131.42,131.41,131.41,16217
2019/6/6 10:03,131.43,131.43,131.3475,131.3475,3233
2019/6/6 10:02,131.45,131.45,131.45,131.45,10840
2019/6/6 10:00,131.185,131.2,131.14,131.18,3906
2019/6/6 9:59,131.175,131.27,131.15,131.15,6951
2019/6/6 9:58,131.01,131.175,130.95,131.175,5942
2019/6/6 9:57,131.05,131.08,131.01,131.01,2424
2019/6/6 9:56,131.25,131.3,131.08,131.0933,5195
2019/6/6 9:55,131.07,131.222,131.01,131.222,5769
2019/6/6 9:54,131.25,131.25,131.07,131.07,3700
2019/6/6 9:53,131.2565,131.34,131.17,131.28,9827
2019/6/6 9:52,131.44,131.44,131.21,131.21,5425
2019/6/6 9:51,131.44,131.51,131.385,131.51,5730
2019/6/6 9:50,131.46,131.46,131.35,131.44,6310
2019/6/6 9:49,131.63,131.675,131.49,131.5,6532
2019/6/6 9:48,131.89,131.89,131.66,131.66,39311
2019/6/6 9:47,131.99,131.99,131.83,131.911,7002
2019/6/6 9:46,132.125,132.125,131.9,131.96,10800
2019/6/6 9:45,132.02,132.14,132.01,132.11,5001
2019/6/6 9:44,132.01,132.02,131.875,132.01,12813
2019/6/6 9:43,132.13,132.23,132.01,132.01,6763
2019/6/6 9:42,132.04,132.27,132.0042,132.14,14986
2019/6/6 9:41,131.8,132.03,131.79,131.98,9500
2019/6/6 9:40,131.96,131.96,131.78,131.78,10990
2019/6/6 9:39,131.89,131.955,131.875,131.935,3509
2019/6/6 9:38,131.9,131.9296,131.82,131.89,6400
2019/6/6 9:37,131.845,131.94,131.78,131.93,7341
2019/6/6 9:36,131.85,131.91,131.78,131.8,11250
2019/6/6 9:35,131.76,131.98,131.76,131.875,7526
2019/6/6 9:34,131.74,131.86,131.725,131.76,4201
2019/6/6 9:33,132.1,132.1074,131.66,131.74,41277
2019/6/6 9:32,132.38,132.435,132.02,132.125,13857
2019/6/6 9:31,132.19,132.45,132.16,132.38,0
